ID,SKU,Nombre,"Precio rebajado","Precio normal",Categorías,Etiquetas
2242,7389D510SG,"BALATA DISCO DELANTERA TSURU LUSAC",,227,"Automotriz, Automotriz > Frenos","BALATA, FRENOS, LUSAC"
2316,LC93356,"CILINDRO RUEDA TRASERA LUSAC",,115,"Automotriz, Automotriz > Frenos","CILINDRO, FRENO, LUSAC"
2343,8310D1191SG,"BALATA DISCO DELANTERA URVAN LUSAC",,372,"Automotriz, Automotriz > Frenos","BALATA, DELANTERA, FRENO, LUSAC"
2363,LC079768,"CILINDRO RUEDA TRASERA LUSAC",,118,"Automotriz, Automotriz > Frenos","CILINDRO, FRENO, LUSAC, RUEDA"
3906,LC101,"GOMA RUEDA FRENO LUSAC",,51,"Automotriz, Automotriz > Frenos","FRENO, GOMA, LUSAC, RUEDA, SEDAN"
3942,LC90549,"CILINDRO RUEDA DELANTERA LUSAC",,120,"Automotriz, Automotriz > Frenos","CILINDRO, DELANTERA, DERECHO, IZQUIERDO, LUSAC. VW, RUEDA"
3979,LC57188,"PURGADOR 5/16 X 1"" LUSAC",,84,"Automotriz, Automotriz > Frenos","CHEVROLET, LUSAC, PURGADOR"
3992,LC121,"GOMA RUEDA FRENO LUSAC",,45,"Automotriz, Automotriz > Frenos","FRENO, GOMA, LUSAC, RUEDA, Toyota"
4002,LC4511R,"GOMA RUEDA FRENO LUSAC",,50,"Automotriz, Automotriz > Frenos","FRENO, GOMA, LUSAC, RUEDA, Toyota"
4010,LC6858,"PURGADOR 3/8 X 1""3/16 LUSAC",,97,"Automotriz, Automotriz > Frenos","FORD, LUSAC, PURGADOR"
4031,LC114197,"CILINDRO RUEDA TRASERA LUSAC",,123,"Automotriz, Automotriz > Frenos","CILINDRO, DERECHA, IZQUIERDA, LUSAC, RUEDA, TRASERA, Tsuru"
4033,LC21075,"REPUESTO FRENO DISCO LUSAC",,57,"Automotriz, Automotriz > Frenos","DISCO, FRENO, HIACE, LUSAC, REPUESTO, Toyota"
4045,LC113,"CUBRE POLVO LUSAC",,64,"Automotriz, Automotriz > Frenos","CUBRE POLVO, LUSAC, SEDAN"
4090,LC611,"GOMA RUEDA FRENO LUSAC",,51,"Automotriz, Automotriz > Frenos","FRENO, GOMA, LUSAC, RUEDA"
4096,LC90547,"BOMBA FRENO LUSAC",,398,"Automotriz, Automotriz > Frenos","BOMBA, CILINDRO, FRENO, LUSAC, MAESTRO, SEDAN, VW"
4116,LC4518R,"GOMA RUEDA FRENO LUSAC",,64,"Automotriz, Automotriz > Frenos","FRENO, GOMA, LUSAC, RUEDA"
4130,LC6446,"PURGADOR 1/4 X 15/16 LUSAC",,72,"Automotriz, Automotriz > Frenos","LUSAC, PURGADOR"
4154,LC2936,"GOMA ESTRIADA LUSAC",,46,"Automotriz, Automotriz > Frenos","ESTRIADA, GOMA, LUSAC"
4166,LC641,"REPUESTO FRENO DISCO LUSAC",,36,"Automotriz, Automotriz > Frenos","DISCO, FRENO, LUSAC, NISSAN, REPUESTO"
4170,LC6027,"MANGUERA FRENOS LUSAC",,77,"Automotriz, Automotriz > Frenos","DELANTERA, FRENOS, LUSAC, MANGUERA, VW"
4186,LC102443,"REPUESTO FRENO DISCO LUSAC",,48,"Automotriz, Automotriz > Frenos","DISCO, FRENO, LUSAC, POINTER, REPUESTO"
4335,LC47567R,"GOMA RUEDA LUSAC",,32,"Automotriz, Automotriz > Frenos","FRENO, GOMA, LUSAC, RUEDA"
4343,LC6600,"CILINDRO ESCLAVO LUSAC",,379,"Automotriz, Automotriz > Frenos","CILINDRO, Clutch, ESCLAVO, LUSAC, NISSAN"
4348,LC96399,"CILINDRO RUEDA LUSAC",,155,"Automotriz, Automotriz > Frenos","CILINDRO, DERECHO, IZQUIERDO, LUSAC, RUEDA, TRASERA"
4409,LC107,"GOMA RUEDA FRENO LUSAC",,51,"Automotriz, Automotriz > Frenos","FRENO, GOMA, LUSAC, RUEDA, SEDAN"
4433,,"DISCO FRENO BREMBO",,430,"Automotriz, Automotriz > Frenos","BREMBO, CHEVY, DELANTERO, DISCO, FRENO"
5659,355010731,"BALATA FRENO DISCO AUDI PAGID",628,713,"Automotriz, Automotriz > Frenos","BALATA, CABRIOLET, DISCO, FRENO, PAGID AUDI, QUATRO"
5662,355013861,"BALATA FRENO DISCO AUDI PAGID",682,775,"Automotriz, Automotriz > Frenos","AUDI, BALATA, DELANTERO, DISCO, FREMNO, PAGID"
5666,355008741,"BALATA FRENO DISCO BMW PAGID",613,696,"Automotriz, Automotriz > Frenos","BALATA, BMW, DELANTERO, FRENO, PAGID"
5670,355009271,"BALATA FRENO DISCO BMW PAGID",759,862,"Automotriz, Automotriz > Frenos","BALATA, BMW, DELANTERA, DISCO, FRENO, SEDAN"
5674,355011261,"BALATA FRENO DISCO BMW MINI COOPER PAGID",783,890,"Automotriz, Automotriz > Frenos","BALATA, BMW, DISCO, FRENO, MINI COOPER, PAGID"
5677,355012341,"BALATA FRENO DISCO BMW MINI COOPER PAGID",717,815,"Automotriz, Automotriz > Frenos","BALATA, BMW, DELANTERA, DISCO, FRENO, MINI COOPER, PAGID"
5681,355015781,"BALATA FRENO DISCO BMW X3 PAGID",771,876,"Automotriz, Automotriz > Frenos","BALATA, BMW, DELANTERO, FRENO, PAGID"
5685,355012541,"BALATA FRENO DISCO BMW X5 PAGID",959,1090,"Automotriz, Automotriz > Frenos","BALATA, BMW, DELANTERO, FRENO, PAGID"
5689,355014231,"BALATA FRENO DISCO DODGE CHRYSLER PAGID",610,693,"Automotriz, Automotriz > Frenos","BALATA, CHYSLER, DELANTERO, DODGE, FRENO, JEEP LIBERTY, NITRO, WRANGLER"
5692,355009671,"BALATA FRENO DISCO DODGE CHRYSLER PAGID",447,508,"Automotriz, Automotriz > Frenos","AVENGER, BALATA, CALIBER, CHRYSLER, DELANTERO, DODGE, FRENO, LANCER, OUTLANDER, PAGID, PATRIOT"
5695,355006571,"BALATA FRENO DISCO HYUNDAI PAGID",569,647,"Automotriz, Automotriz > Frenos","BALATA, DISCO, DODGE, FRENO, HYUNDAI, PAGID"
5699,355012921,"BALATA FRENO DELANTERO FIAT PEUGEOT PAGID",864,981,"Automotriz, Automotriz > Frenos","BALATA, DELANTERO, DUCATO, FIAT, FRENO, PAGID, PEUGEOT"
5701,355008901,"BALATA FRENO DISCO ECOSPORT PAGID",526,598,"Automotriz, Automotriz > Frenos","BALATA, DELANTERO, DISCO, ECO SPORT, FORD, FRENO, PAGID"
5705,355012771,"BALATA FRENO DISCO TRANSIT PAGID",677,769,"Automotriz, Automotriz > Frenos","BALATA, DISCO, FORD, FRENO, PAGID, TRANSIT"
5709,355017141,"BALATA FRENO DISCO AVEO PAGID",528,600,"Automotriz, Automotriz > Frenos","Aveo, BALATA, DELANTERO, DISCO, FRENO, OPTRA, PAGID, PONTIAC, SEDAN"
5713,355011251,"BALATA FRENO DISCO SPARK PAGID",469,533,"Automotriz, Automotriz > Frenos","BALATA, DELANTERA, DISCO, FRENO, PAGID, PONTIAC, SPARK"
5716,355009731,"BALATA FRENO DISCO HONDA CIVIC PAGID",418,475,"Automotriz, Automotriz > Frenos","BALATA, DELANTERA, DISCO, FRENO, HONDA CIVIC, PAGID"
5719,355012581,"BALATA FRENO DISCO MERCEDES BENZ PAGID",1001,1138,"Automotriz, Automotriz > Frenos","BALATA, DELANTERA, DISCO, FRENO, MERCEDES BENZ, PAGID"
5723,355014071,"BALATA FRENO DISCO NISSAN MARCH PAGID",442,502,"Automotriz, Automotriz > Frenos","BALATA, DELANTERA, DISCO, FRENO, MARCH, PAGID"
5727,355011071,"BALATA FRENO DISCO PEUGEOT PAGID",612,695,"Automotriz, Automotriz > Frenos","BALATA, DELANTERO, DISCO, FRENO, PAGID, PEUGEOT"
5731,355013341,"BALATA FRENO DISCO PEUGEOT PAGID",622,706,"Automotriz, Automotriz > Frenos","BALATA, DELANTERA, DISCO, FRENO, PAGID"
5735,355017021,"BALATA FRENO DISCO MATIZ PAGID",460,522,"Automotriz, Automotriz > Frenos","BALATA, DELANTERO, DISCO, FRENO, PAGID, PONTIAC"
5739,355014791,"BALATA FRENO DISCO RENAULT PAGID",574,652,"Automotriz, Automotriz > Frenos","BALATA, DELANTERA, DISCO, DUSTER, FLUENCE, FRENO, PAGID, RENAULT"
5743,355013981,"BALATA FRENO DISCO RENAULT PAGID",640,727,"Automotriz, Automotriz > Frenos","BALATA, DELANTERA, DISCO, FRENO, PAGID, RENAULT"
5745,355010541,"BALATA FRENO DISCO RENAULT PAGID",676,768,"Automotriz, Automotriz > Frenos","BALATA, DISCO, FRENO, MEGANE, PAGID, RENAULT, SCENIC"
5749,355016921,"BALATA FRENO DISCO TOYOTA PAGID",502,570,"Automotriz, Automotriz > Frenos","BALATA, DISCO, FRENO, HIACE, PAGID, Toyota"
5750,355015401,"BALATA FRENO DISCO AMAROK PAGID",987,1122,"Automotriz, Automotriz > Frenos","AMAROK, BALATA, DELANTERA, DISCO, FRENO, PAGID"
5756,355010581,"BALATA FRENO DISCO VW BORA SEAT PAGID",972,1105,"Automotriz, Automotriz > Frenos","AUDI, BALATA, BEETLE, BORA, DELANTERA, DISCO, FRENO, PAGID, SEAT, TOLEDO"
5757,355007891,"BALATA FRENO DISCO VW GOLF JETTA PAGID",488,555,"Automotriz, Automotriz > Frenos","BALATA, CABRIO, DELANTERA, DERBY, DISCO, FRENO, GOLF, JETTA, PAGID"
5761,355011441,"BALATA FRENO DISCO VW EUROVAN PAGID",978,1112,"Automotriz, Automotriz > Frenos","BALATA, DELANTERA, DIESEL, DISCO, EUROVAN, FRENO, PAGID"
5766,355013331,"BALATA FRENO DISCO VW JETTA PASSAT PAGID",541,615,"Automotriz, Automotriz > Frenos","BALATA, DELANTERA, FRENO, GOLF, JETTA, PAGID, PASSAT, TIGUAN"
5770,355017891,"BALATA FRENO DISCO PAGID",314,356,"Automotriz, Automotriz > Frenos","BALATA, DELANTERA, DISCO, FRENO, GOLF, JJETA, PAGID, PASSAT"
5774,355008351,"BALATA FRENO DISCO PAGID",401,456,"Automotriz, Automotriz > Frenos","BALATA, CABRIO, DELANTERO, DISCO, FRENO, GOL, GOLF, PAGID"
5778,355008551,"BALATA FRENO DISCO PAGID",702,797,"Automotriz, Automotriz > Frenos","BALATA, BEETLE, CROSS FOX, DELANTERA, DISCO, FRENO, JETTA, PAGID"
5782,355008591,"BALATA FRENO DISCO PAGID",501,569,"Automotriz, Automotriz > Frenos","BALATA, BEETLE, CROSS FOX, DELANTERA, FRENO, IBIZA, JETTA, LUPO, PAGID, SEAT CORDOBA"
5786,355014031,"BALATA FRENO DISCO PAGID",639,727,"Automotriz, Automotriz > Frenos","BALATA, DELANTERA, DISCO, FRENO, PAGID, PASSAT, TIGUAN"
5790,355011031,"BALATA FRENO DISCO PAGID",640,728,"Automotriz, Automotriz > Frenos","BALATA, DELANTERA, DISCO, FRENO, PAGID, POINTER"
5791,355018801,"BALATA FRENO DISCO PAGID",703,799,"Automotriz, Automotriz > Frenos","BALATA, DELANTERA, DISCO, FRENO, PAGID, POLO, SEAT"
5795,355011851,"BALATA FRENO DISCO PAGID",1289,1465,"Automotriz, Automotriz > Frenos","BALATA, DELANTERA, DISCO, FRENO, PAGID, TOUAREG"
5802,355020521,"BALATA FRENO DISCO PAGID",830,943,"Automotriz, Automotriz > Frenos","BALATA, DELANTERA, DISCO, FRENO, PAGID, VENTO"
5806,355011991,"BALATA FRENO DISCO PAGID",514,584,"Automotriz, Automotriz > Frenos","BALATA, CIRRUS, DELANTERA, DISCO, FRENO, PAGID, STARTUS"
5810,"355 010 061","BALATA FRENO DISCO PAGID",505,574,"Automotriz, Automotriz > Frenos","BALATA, CHRYSLER, DELANTERO, DISCO, FRENO, PAGID, TOWN COUNTRY, VOYAGER"
5814,"355 013 121","BALATA FRENO DISCO PAGID",547,621,"Automotriz, Automotriz > Frenos","BALATA, CAPTIVA, DELANTERO, DISCO, EQUINOX, FRENO, PAGID, PONTIAC, SUZUKI"
5816,"355 016 511","BALATA FRENO DISCO PAGID",663,754,"Automotriz, Automotriz > Frenos","BALATA, DELANTERA, DISCO, FRENO, Honda, PAGID"
5817,"355 017 171","BALATA FRENO DISCO PAGID",424,482,"Automotriz, Automotriz > Frenos","BALATA, DELANTERA, DISCO, FRENO, PAGID"
5820,"355 013 781","BALATA FRENO DISCO PAGID",,,"Automotriz, Automotriz > Frenos","BALATA, DELANTERA, DISCO, FRENO, NISSAN, PAGID, SENTRA"
5824,"355 018 131","BALATA FRENO DISCO PAGID",335,380,"Automotriz, Automotriz > Frenos","APRIO, BALATA, DELANTERA, DISCO, FRENO, NISSAN, PAGID, PLATINA, RENAULT, SANDERO, STEPWAY"
5828,"355 010 221","BALATA FRENO DISCO PAGID",424,482,"Automotriz, Automotriz > Frenos","BALATA, COROLLA, DELANTERA, DISCO, FRENO, MATRIX, Toyota"
5832,355013651,"BALATA FRENO DISCO PAGID",727,826,"Automotriz, Automotriz > Frenos","AUDI, BALATA, DISCO, FRENO, PAGID, TRASERA"
5836,355011271,"BALATA FRENO DISCO PAGID",631,716,"Automotriz, Automotriz > Frenos","BALATA, BMW, DISCO, FRENO, PAGID, TRASERA"
5838,355013941,"BALATA FRENO DISCO PAGID",511,581,"Automotriz, Automotriz > Frenos","BALATA, BMW, DISCO, FRENO, PAGID, TRASERA"
5842,355012911,"BALATA FRENO DISCO PAGID",544,618,"Automotriz, Automotriz > Frenos","BALATA, DISCO, FIAT, FRENO, PEUGEOT, TRASERA"
5846,355014951,"BALATA FRENO DISCO PAGID",550,625,"Automotriz, Automotriz > Frenos","BALATA, DISCO, ESCAPE, FORD, FRENO, MERCURY, PAGID, TRASERA"
5848,355011731,"BALATA FRENO DISCO PAGID",505,574,"Automotriz, Automotriz > Frenos","BALATA, DISCO, FOCUS, FRENO, MAZDA, PAGID, PONTIAC, TRASERA, VECTRA"
5854,355009581,"BALATA FRENO DISCO PAGID",421,479,"Automotriz, Automotriz > Frenos","BALATA, DISCO, FRENO, Honda, PAGID, TRASERA"
5858,355012741,"BALATA FRENO DISCO PAGID",858,975,"Automotriz, Automotriz > Frenos","BALATA, DISCO, FRENO, MERCEDES BENZ, PAGID, TRASERA"
5862,355011421,"BALATA FRENO DISCO PAGID",699,794,"Automotriz, Automotriz > Frenos","BALATA, DISCO, FRENO, MERCEDES BENZ, TRASERA"
5866,355013661,"BALATA FRENO DISCO PAGID",547,621,"Automotriz, Automotriz > Frenos","BALATA, DISCO, FRENO, MINI COOPER, PAGID, TRASERO"
5870,355017341,"BALATA FRENO DISCO PAGID",631,716,"Automotriz, Automotriz > Frenos","BALATA, DISCO, FRENO, PAGID, RENAULT, TRASERA"
5871,355010601,"BALATA FRENOS DISCO PAGID",759,863,"Automotriz, Automotriz > Frenos","ALTEA, AUDI, BALATA, BEETLE, BORA, DISCO, FRENO, GOLF, LEON, PAGID, PASSAT, SEAT, TIGUAN, TRASERA"
5878,355010971,"BALATA FRENO DISCO PAGID",523,594,"Automotriz, Automotriz > Frenos","AUDI, BALATA, DISCO, EUROVAN, FRENO, PAGID, QUATTRO, TRASERA"
5881,355017711,"BALATA FRENO DISCO PAGID",480,545,"Automotriz, Automotriz > Frenos","BALATA, BEETLE, DISCO, FRENO, GOLF, IBIZA, JETTA, LEON, PAGID, PASSAT, SEAT, TOLEDO, TRASERA"
5885,355018111,"BALATA FRENO DISCO PAGID",522,593,"Automotriz, Automotriz > Frenos","AUDI, BALATA, BEETLE, DISCO, FRENO, GOLF, IBIZA, JETTA, LEON, PAGID, PASSAT, SEAT, TOLEDO, TRASERA"
5888,355014021,"BALATA FRENO DISCO PAGID",854,970,"Automotriz, Automotriz > Frenos","AUDI, BALATA, BEETLE, BORA, DISCO, FRENO, GOLF, JETTA, PAGID, PASSAT, TRASERA"
5893,P85072,"BALATA FRENO DISCO DELANTERO BREMBO",620,704,"Automotriz, Automotriz > Frenos","AUDI, BALATA, BREMBO, DELANTERO, DISCO, FRENO, IBIZA, SEAT"
5896,P85073N,"BALATA FRENO DISCO DELANTERO BREMBO",850,966,"Automotriz, Automotriz > Frenos","AUDI, BALATA, BREMBO, DELANTERO, DISCO, FRENO, JETTA, VOLKSWAGEN"
5899,P54030N,"BALATA FRENO DISCO DELANTERO BREMBO",823,935,"Automotriz, Automotriz > Frenos","BALATA, BREMBO, CHRYSLER, DELANTERO, FRENO DISCO, MITSUBISHI"
5902,P11007N,"BALATA FRENO DISCO DELANTERO BREMBO",898,1021,"Automotriz, Automotriz > Frenos","BALATA, BREMBO, CHYSLER, DELANTERA, DISCO, FRENO, LEBARON, PHANTOM"
5905,P11015N,"BALATA FRENO DISCO DELANTERO BREMBO",520,591,"Automotriz, Automotriz > Frenos","BALATA, BREMBO, CARAVAN, CHRYSLER, DELANTERO, DISCO, DODGE, FRENO"
5908,P56093N,"BALATA FRENO DISCO DELANTERO BREMBO",700,795,"Automotriz, Automotriz > Frenos","BALATA, BREMBO, DELANTERO, DISCO, FRENO, FRONTIER, NISSSAN, PATHFINDER, PICK UP"
5910,P23039N,"BALATA FRENO DISCO DELANTERO BREMBO",382,434,"Automotriz, Automotriz > Frenos","BALATA, BREMBO, DELANTERO, DISCO, FOX, FRENO, VOLKSWAGEN"
5913,P56021N,"BALATA FRENO DISCO DELANTERA BREMBO",913,1037,"Automotriz, Automotriz > Frenos","BALATA, BREMBO, DELANTERO, DISCO, FRENO, INFINITI, MAXIMA, NISSAN, SUZUKI"
5916,P30002N,"BALATA FRENO DISCO DELANTERA BREMBO",754,857,"Automotriz, Automotriz > Frenos","BALATA, BREMBO, DELANTERA, DISCO, FRENO, INFINITI, NISSAN, SENTRA"
5919,P28042N,"BALATA FRENO DISCO DELANTERA BREMBO",531,603,"Automotriz, Automotriz > Frenos","ACURA, BALATA, BREMBO, DELANTERA, DISCO, FRENO, HONDA ACCORD"
5922,P49011N,"BALATA FRENO DISCO DELANTERA BREMBO",367,417,"Automotriz, Automotriz > Frenos","BALATA, BREMBO, DELANTERA, DISCO, FORD, FRENO, MAZDA, MERCURY"
5925,P37004N,"BALATA FRENO DISCO DELANTERA BREMBO",550,625,"Automotriz, Automotriz > Frenos","BALATA, BREMBO, CHEROKEE, COMANCHE, DELANTERA, DISCO, FRENO, JEEP, WAGONEER"
5928,P28026N,"BALATA FRENO DISCO DELANTERO BREMBO",551,626,"Automotriz, Automotriz > Frenos","ACCORD, BALATA, DELANTERO, DISCO, FRENO, Honda, ODYSSEY"
5931,P11006N,"BALATA FRENO DISCO DELANTERA BREMBO",870,988,"Automotriz, Automotriz > Frenos","BALATA, BREMBO, CHRYSLER, DELANTERA, DISCO, FRENO, LEBARON, NEW UORKER, SHADOW, TOWN COUNTRY"
5934,P11008N,"BALATA FRENO DISCO DELANTERA BREMBO",375,426,"Automotriz, Automotriz > Frenos","BALATA, BREMBO, CHYSLER, DELANTERA, DISCO, DODGE, FRENO"
5937,P28023N,"BALATA FRENO DISCO DELANTERA BREMBO",879,999,"Automotriz, Automotriz > Frenos","BALATA, BREMBO, CIVIC, DELANTERA, DISCO, FIT, FRENO, Honda"
5964,P24041N,"BALATA FRENO DISCO DELANTERA BREMBO",890,1012,"Automotriz, Automotriz > Frenos","BALATA, BREMBO, DISCO, FORD, FRENO, MAZDA, MERCURY"
5969,P24100N,"BALATA FRENO DISCO DELANTERA BREMBO",530,603,"Automotriz, Automotriz > Frenos","BALATA, DELANTERA, DISCO BREMBO, FORD, FRENO, LINCOLN, MERCURY"
5971,P24102N,"BALATA FRENO DISCO DELANTERA BREMBO",1072,1218,"Automotriz, Automotriz > Frenos","BALATA, DELANTERA, DISCO, FORD, FRENO, LINCOLN"
5974,P36017N,"BALATA FRENO DISCO DELANTERA BREMBO",550,625,"Automotriz, Automotriz > Frenos","BALATA, BREMBO, CHEVY, DELANTERA, DISCO, FRENO"
5977,P56040N,"BALATA DISCO FRENO DELANTERA BREMBO",,,"Automotriz, Automotriz > Frenos","ACURA, BALATA, BREMBO, DELANTERA, FRENO, INFINITI"
5980,P85032N,"BALATA FRENO DISCO DELANTERA BREMBO",630,716,"Automotriz, Automotriz > Frenos","BALATA, BREMBO, DELANTERA, DISCO, FRENO, GOLF, JETTA"
5984,P10023N,"BALATA FRENO DISCO DELANTERA BREMBO",488,554,"Automotriz, Automotriz > Frenos","BALATA, BREMBO, DELANTERA, DISCO, FRENO, GRAND AM, MALIBU"
5987,P24110N,"BALATA FRENO DISCO DELANTERO BREMBO",1168,1327,"Automotriz, Automotriz > Frenos","BALATA, BREMBO, DELANTERO, DISCO, FORD, FRENO"
5990,P85041N,"BALATA FRENO DISCO DELANTERA BREMBO",515,585,"Automotriz, Automotriz > Frenos","BALATA, BEETLE, DELANTERA, DISCO, FRENO"
5993,P28034N,"BALATA FRENO DISCO DELANTERA BREMBO",470,534,"Automotriz, Automotriz > Frenos","ACURA BREMBO, BALATA, DELANTERA, DISCO, FRENO, Honda"
5996,P85061,"BALATA FRENO DISCO DELANTERA BREMBO",894,1016,"Automotriz, Automotriz > Frenos","ALHAMBRA, BALATA, BREMBO, DELANTERA, DISCO, FRENO, SHARAN"
5999,P10032N,"BALATA FRENO DISCO DELANTERA BREMBO AVEO",667,758,"Automotriz, Automotriz > Frenos","BALATA, BREMBO, DELANTERA, DISCO, FRENO, PONTIAC, SUZUKI"
6002,P85084N,"BALATA FRENO DISCO DELANTERA BREMBO",660,750,"Automotriz, Automotriz > Frenos","AUDI, BALATA, BREMBO, DELANTERA, DISCO, FRENO"
6005,P83127N,"BALATA FRENO DISCO DELANTERA BREMBO",547,620,"Automotriz, Automotriz > Frenos","BALATA, BREMBO, DELANTERA, DISCO, FRENO, Toyota"
6007,P24112N,"BALATA FRENO DISCO DELANTERA BREMBO",1072,1218,"Automotriz, Automotriz > Frenos","BALATA, BREMBO, DELANTERA, DISCO, FORD, FRENO"
6010,P24135N,"BALATA FRENO DISCO DELANTERA BREMBO",1231,1399,"Automotriz, Automotriz > Frenos","BALATA, BREMBO, DELANTERA, DISCO, FORD, FRENO, LINCOLN"
6013,P10030N,"BALATA FRENO DISCO DELANTERA BREMBO",463,526,"Automotriz, Automotriz > Frenos","BALATA, BREMBO, COBALT, DELANTERA, DISCO, FRENO, MALIBU, PONTIAC, SATURN"
6016,P24061N,"BALATA FRENO DISCO DELANTERA BREMBO",810,921,"Automotriz, Automotriz > Frenos","BALATA, BREMBO, DELANTERA, DISCO, FOCUS, FORD, FRENO, MAZDA, VOLVO"
6019,P24114N,"BALATA FRENO DISCO DELANTERA BREMBO",618,702,"Automotriz, Automotriz > Frenos","BALATA, DELANTERA, DISCO, FORD, FRENO, WAGON"
6022,P18011N,"BALATA FRENO DISCO DELANTERA BREMBO",1139,1294,"Automotriz, Automotriz > Frenos","BALATA, BREMBO, DELANTERA, DISCO, DODGE, FRENO, RAM"
6025,P37010N,"BALATA FRENO DISCO DELANTERA BREMBO",1045,1187,"Automotriz, Automotriz > Frenos","BALATA, BREMBO, DELANTERA, DISCO, FRENO, JEEP"
6028,P37007N,"BALATA FRENO DISCO DELANTERA BREMBO",902,1025,"Automotriz, Automotriz > Frenos","BALATA, BREMBO, CHYSLER, DELANTERA, DISCO, DODGE, FRENO"
6031,P85075N,"BALATA FRENO DISCO DELANTERA BREMBO",949,1078,"Automotriz, Automotriz > Frenos","BALATA, BREMBO, DELANTERA, DISCO, FRENO, GOLF, GTI, JETTA"
6034,P24123N,"BALATA FRENO DISCO DELANTERA BREMBO",620,705,"Automotriz, Automotriz > Frenos","BALATA, BREMBO, DELANTERA, DISCO, FIESTA, FORD, FRENO, IKON, KA"
6037,P59032N,"BALATA FRENO DISCO DELANTERA BREMBO",564,641,"Automotriz, Automotriz > Frenos","ASTRA, BALATA, BREMBO, DELANTERA, DISCO, FRENO"
6040,P68008N,"BALATA FRENO DISCO DELANTERA BREMBO",454,516,"Automotriz, Automotriz > Frenos","BALATA, BREMBO, CLIO, DELANTERA, DISCO, FRENO, PLATINA"
6043,P30026N,"BALATA FRENO DISCO DELANTERA BREMBO",820,932,"Automotriz, Automotriz > Frenos","BALATA, BREMBO, DELANTERA, DISCO, FRENO, HYUNDAI, KIA, RIO"
6046,P24136N,"BALATA FRENO DISCO DELANTERA BREMBO",588,668,"Automotriz, Automotriz > Frenos","BALATA, BREMBO, DELANTERA, DISCO, FORD, FRENO"
6049,P59034N,"BALATA FRENO DISCO DELANTERA BREMBO",745,847,"Automotriz, Automotriz > Frenos","BALATA, BREMBO, DELANTERA, DISCO, FRENO, POINTER"
6052,P24054N,"BALATA FRENO DISCO DELANTERA BREMBO",478,543,"Automotriz, Automotriz > Frenos","BALATA, BREMBO, DELANTERA, DISCO, ECOSPORT, FRENO"
6054,P59036N,"BALATA FRENO DISCO DELANTERA BREMBO",765,869,"Automotriz, Automotriz > Frenos","BALATA, BREMBO, CORSA, DELANTERA, DISCO, FRENO, TORNADO"
6057,P83071N,"BALATA FRENO DISCO DELANTERA BREMBO",897,1019,"Automotriz, Automotriz > Frenos","BALATA, BREMBO, DELANTERA, DISCO, FRENO, PONTIAC, Toyota"
6060,P61066N,"BALATA FRENO DISCO DELANTERA BREMBO",692,786,"Automotriz, Automotriz > Frenos","BALATA, BREMBO, DELANTERA, DISCO, FRENO, PEUGEOT"
6063,P11025N,"BALATA FRENO DISCO DELANTERA BREMBO",801,910,"Automotriz, Automotriz > Frenos","BALATA, BREMBO, DELANTERA, DISCO, FRENO, JEEP"
6066,P56062N,"BALATA FRENO DISCO DELANTERA BREMBO",828,941,"Automotriz, Automotriz > Frenos","BALATA, BREMBO, DELANTERA, DISCO, FRENO, NISSAN, SENTRA, SUZUKI"
6069,P85057N,"BALATA FRENO DISCO DELANTERA BREMBO",486,552,"Automotriz, Automotriz > Frenos","BALATA, BREMBO, CORDOBA, DELANTERA, DISCO, FRENO, POLO, SEAT"
6072,P16013,"BALATA FRENO DISCO DELANTERA BREMBO",724,823,"Automotriz, Automotriz > Frenos","BALATA, BREMBO, DELANTERA, DISCO, FRENO, SUZUKI"
6075,P24116N,"BALATA FRENO DISCO DELANTERA BREMBO",532,605,"Automotriz, Automotriz > Frenos","BALATA, BREMBO, DELANTERA, DISCO, ESCAPE, FORD, FRENO, MAZDA, MERCURY"
6078,P85067,"BALATA FRENO DISCO DELANTERA BREMBO",1708,1941,"Automotriz, Automotriz > Frenos","AUDI, BALATA, BREMBO, DELANTERA, DISCO, FRENO"
6081,P06043N,"BALATA FRENO DISCO DELANTERA BREMBO",918,1043,"Automotriz, Automotriz > Frenos","BALATA, BMW, BREMBO, DELANTERA, DISCO, FRENO"
6084,P06021N,"BALATA FRENO DISCO DELANTERA BREMBO",990,1125,"Automotriz, Automotriz > Frenos","BALATA, BMW, BREMBO, DELANTERA, FRENO DISCO"
6087,P59028N,"BALATA FRENO DISCO DELANTERA BREMBO",468,532,"Automotriz, Automotriz > Frenos","BALATA, BREMBO, CADILLAC, DELANTERA, DISCO, FRENO, PONTIAC"
6090,P59030N,"BALATA FRENO DISCO DELANTERA BREMBO",557,633,"Automotriz, Automotriz > Frenos","ASTRA, BALATA, BREMBO, DELANTERA, DISCO, FRENO"
6093,P10034N,"BALATA FRENO DISCO DELANTERA BREMBO",1142,1298,"Automotriz, Automotriz > Frenos","BALATA, BREMBO, CADILLAC, CHEVROLET, DELANTERA, DISCO, FRENO"
6096,P10026N,"BALATA FRENO DISCO DELANTERA BREMBO",1336,1518,"Automotriz, Automotriz > Frenos","AVALANCHE, BALATA, BREMBO, DELANTERA, DISCO, EXPRESS, HUMMER, SAVANA, SIERRA, SILVERADO"
6098,P10009N,"BALATA FRENO DISCO DELANTERA BREMBO",983,1117,"Automotriz, Automotriz > Frenos","BALATA, BREMBO, BUICK, DELANTERA, DISCO, FRENO, ISUZU, TRAILBLAZER"
6101,P18013N,"BALATA FRENO DISCO DELANTERA BREMBO",1173,1333,"Automotriz, Automotriz > Frenos","BALATA, BREMBO, DAKOTA, DELANTERA, DISCO, DURANGO, FRENO, MITSUBISHI, RAM"
6105,P18007N,"BALATA FRENO DISCO DELANTERA BREMBO",563,640,"Automotriz, Automotriz > Frenos","BALATA, DELANTERA, DISCO, DODGE, FRENO, RAM"
6108,P49039,"BALATA FRENO DISCO DELANTERA BREMBO",763,867,"Automotriz, Automotriz > Frenos","BALATA, BREMBO, DELANTERA, DISCO, FRENO, MAZDA"
6111,P23108,"BALATA FRENO DISCO DELANTERA BREMBO",598,679,"Automotriz, Automotriz > Frenos","BALATA, BREMBO, DELANTERA, DISCO, FIAT, FRENO"
6114,P24098N,"BALATA FRENO DISCO DELANTERA BREMBO",552,627,"Automotriz, Automotriz > Frenos","BALATA, BREMBO, DELANTERA, DISCO, ECONOLINE, FRENO"
6117,P24056N,"BALATA FRENO DISCO DELANTERA BREMBO",747,849,"Automotriz, Automotriz > Frenos","BALATA, BREMBO, DELANTERA, DISCO, FORD, FRENO, MAZDA, MERCURY"
6120,P24119N,"BALATA FRENO DISCO DELANTERA BREMBO",1354,1539,"Automotriz, Automotriz > Frenos","BALATA, BREMBO, DELANTERA, DISCO, F250, F350, FORD, FRENO"
6123,P24106N,"BALATA FRENO DISCO DELANTERA BREMBO",663,753,"Automotriz, Automotriz > Frenos","BALATA, BREMBO, DELANTERA, DISCO, ECONOLINE, FORD, FRENO"
6126,P24046N,"BALATA FRENO DISCO DELANTERA BREMBO",557,633,"Automotriz, Automotriz > Frenos","BALATA, BREMBO, DELANTERA, DISCO, FOCUS, FRENO"
6129,P49039N,"BALATA FRENO DISCO DELANTERA BREMBO",605,688,"Automotriz, Automotriz > Frenos","BALATA, BREMBO, DELANTERA, DISCO, FRENO, FUSION, LINCOLN, MAZDA"
6133,P24109N,"BALATA FRENO DISCO DELANTERA BREMBO",546,620,"Automotriz, Automotriz > Frenos","BALATA, DELANTERA, DISCO, FORD, FRENO, WINDSTAR"
6137,P06030N,"BALATA FRENO DISCO DELANTERO BREMBO",800,909,"Automotriz, Automotriz > Frenos","BALATA, BREMBO, DELANTERA, DISCO, FRENO, HYUNDAI"
6140,P54029,"BALATA FRENO DELANTERA BREMBO",420,478,"Automotriz, Automotriz > Frenos","BALATA, DELANTERO, DISCO, FRENO, MAZDA, MITSUBISHI"
6143,P50049N,"BALATA FRENO DISCO DELANTERA BREMBO",1310,1489,"Automotriz, Automotriz > Frenos","BALATA, BREMBO, DELANTERA, DISCO, FRENO, MERCEDES BENZ"
6149,P54039N,"BALATA FRENO DISCO DELANTERA BREMBO",590,670,"Automotriz, Automotriz > Frenos","BALATA, BREMBO, DELANTERA, DISCO, FRENO, MITSUBISHI"
6152,P61063N,"BALATA FRENO DISCO DELANTERA BREMBO",716,814,"Automotriz, Automotriz > Frenos","BALATA, BREMBO, DELANTERA, DISCO, FRENO, MITSUBISHI"
6155,P54017N,"BALATA FRENO DISCO DELANTERA BREMBO",503,602,"Automotriz, Automotriz > Frenos","BALATA, BREMBO, DELANTERA, DISCO, DODGE, FRENO, MITSUBISHI, MONTERO"
6158,P56027N,"BALATA FRENO DISCO DELANTERA BREMBO",484,550,"Automotriz, Automotriz > Frenos","BALATA, BREMBO, DELANTERA, DISCO, FRENO, Tsuru"
6161,P24048N,"BALATA FRENO DISCO DELANTERA BREMBO",661,751,"Automotriz, Automotriz > Frenos","BALATA, BREMBO, DELANTERA, DISCO, FRENO, PONTIAC"
6164,P83082N,"BALATA FRENO DISCO DELANTERO BREMBO",555,631,"Automotriz, Automotriz > Frenos","BALATA, BREMBO, DELANTERO, DISCO, FRENO, PONTIAC, Toyota"
6167,P68034,"BALATA FRENO DISCO DELANTERA BREMBO",591,672,"Automotriz, Automotriz > Frenos","BALATA, BREMBO, DELANTERA, DISCO, FRENO, RENAULT"
6170,P83055N,"BALATA FRENO DISCO DELANTERA BREMBO",907,1030,"Automotriz, Automotriz > Frenos","BALATA, DELANTERA, DISCO, FRENO, Toyota"
6173,P83126N,"BALATA FRENO DISCO DELANTERA BREMBO",587,667,"Automotriz, Automotriz > Frenos","BALATA, DELANTERA, DISCO, FRENO, Toyota"
6175,P85005N,"BALATA FRENO DISCO DELANTERA BREMBO",518,589,"Automotriz, Automotriz > Frenos","BALATA, BREMBO, CARIBE, CORSAR, DELANTERA, DISCO, FRENO, GOLF"
6178,P85112,"BALATA FRENO DISCO DELANTERA BREMBO",963,1094,"Automotriz, Automotriz > Frenos","BALATA, BREMBO, DELANTERA, DISCO, FRENO, TIGUAN"
6181,P10027N,"BALATA FRENO DISCO DELANTERA BREMBO",1083,1231,"Automotriz, Automotriz > Frenos","BALATA, BREMBO, DELANTERA, DISCO, FRENO, GM"
6184,P11011N,"BALATA FRENO DISCO TRASERA BREMBO",791,899,"Automotriz, Automotriz > Frenos","BALATA, BREMBO, CHYSLER, DISCO, FRENO, TRASERA"
6187,P11021N,"BALATA FRENO DISCO TRASERA BREMBO",426,484,"Automotriz, Automotriz > Frenos","BALATA, BREMBO, CARAVAN, DISCO, FRENO, ROUTAN, TOWN COUNTRY, TRASERA"
6190,P24081,"BALATA FRENO DISCO TRASERA BREMBO",858,975,"Automotriz, Automotriz > Frenos","BALATA, BREMBO, DISCO, EXPLORER, FRENO, TRASERA"
6194,P24081N,"BALATA FRENO DISCO TRASERA BREMBO",878,998,"Automotriz, Automotriz > Frenos","BALATA, BREMBO, DISCO, EXPLORER, FORD, FRENO, MAZDA, TRASERA"
6196,P24037N,"BALATA FRENO DISCO TRASERA BREMBO",496,564,"Automotriz, Automotriz > Frenos","BALATA, BREMBO, CONTOUR, DISCO, FORD, FRENO, MYSTIQUE, TRASERA"
6198,P28035N,"BALATA FRENO DISCO TRASERA BREMBO",831,944,"Automotriz, Automotriz > Frenos","BALATA, BREMBO, DISCO, FRENO, Honda, TRASERA"
6201,P28053N,"BALATA FRENO DISCO TRASERA BREMBO",444,505,"Automotriz, Automotriz > Frenos","BALATA, BREMBO, DISCO, FRENO, ODYSSEY, TRASERA"
6204,P61098,"BALATA DISCO FRENO TRASERA BREMBO",488,555,"Automotriz, Automotriz > Frenos","BALATA, BREMBO, DISCO, FRENO, PEUGEOT, TRASERA"
6207,P83061N,"BALATA FRENO DISCO TRASERA BREMBO",768,873,"Automotriz, Automotriz > Frenos","BALATA, BREMBO, DISCO, FRENO, PONTIAC, Toyota, TRASERA"
6210,P06033N,"BALATA FRENO DISCO TRASERA BREMBO",530,603,"Automotriz, Automotriz > Frenos","BALATA, BMW, BREMBO, DISCO, FRENO, TRASERA"
6213,P11014N,"BALATA FRENO DISCO TRASERA BREMBO",465,529,"Automotriz, Automotriz > Frenos","BALATA, BREMBO, DISCO, DODGE, FRENO, TRASERA"
6216,P61088N,"BALATA FRENO DISCO TRASERA BREMBO",614,697,"Automotriz, Automotriz > Frenos","BALATA, BREMBO, DISCO, FRENO, JETTA, PASSAT, TRASERA"
6219,P28051N,"BALATA FRENO DISCO TRASERA BREMBO",708,805,"Automotriz, Automotriz > Frenos","BALATA, BREMBO, DISCO, FRENO, Honda, TRASERA"
6222,P24042N,"BALATA FRENO DISCO TRASERA BREMBO",634,720,"Automotriz, Automotriz > Frenos","BALATA, BREMBO, DISCO, FORD, FRENO, TRASERA"
6225,P59065N,"BALATA FRENO DISCO TRASERA BREMBO",524,595,"Automotriz, Automotriz > Frenos","BALATA, BREMBO, DISCO, FRENO, SILVERADO, TRASERA"
6228,P56046N,"BALATA FRENO DISCO TRASERA BREMBO",466,529,"Automotriz, Automotriz > Frenos","BALATA, BREMBO, DISCO, FRENO, NISSAN, TRASERA"
6231,P37009N,"BALATA FRENO DISCO TRASERA BREMBO",722,820,"Automotriz, Automotriz > Frenos","BALATA, DISCO, FRENO, JEEP, TRASERA"
6234,P56091N,"BALATA FRENO DISCO TRASERA BREMBO",610,693,"Automotriz, Automotriz > Frenos","BALATA, BREMBO, DISCO, FRENO, LINCOLN, TRASERA"
6237,P56074N,"BALATA FRENO DISCO TRASERA BREMBO",794,902,"Automotriz, Automotriz > Frenos","BALATA, BREMBO, DISCO, FRENO, NISSAN, TRASERA"
6240,P24085N,"BALATA FRENO DISCO TRASERA BREMBO",451,512,"Automotriz, Automotriz > Frenos","BALATA, BREMBO, DISCO, FRENO, MAZDA, TRASERA"
6243,P06020N,"BALATA FRENO DISCO TRASERA BREMBO",726,825,"Automotriz, Automotriz > Frenos","BALATA, BMW, BREMBO, DISCO, FRENO, TRASERA"
6246,P10045N,"BALATA FRENO DISCO TRASERA BREMBO",817,928,"Automotriz, Automotriz > Frenos","BALATA, BREMBO, CHEVROLET, DISCO, FRENO, SILVERADO, TRASERA"
6249,P11010N,"BALATA FRENO DISCO TRASERA BREMBO",359,408,"Automotriz, Automotriz > Frenos","BALATA, BREMBO, CHRYSLER, DISCO, FRENO, TRASERA"
6252,P23064,"BALATA FRENO DISCO TRASERA BREMBO",406,461,"Automotriz, Automotriz > Frenos","BALATA, DISCO, FIAT, FRENO, TRASERA"
6255,P24068N,"BALATA FRENO DISCO TRASERA BREMBO",826,939,"Automotriz, Automotriz > Frenos","BALATA, DISCO, FORD, FRENO, TRASERA"
6260,P24104N,"BALATA FRENO DISCO TRASERA BREMBO",416,473,"Automotriz, Automotriz > Frenos","BALATA, BREMBO, DISCO, FORD, FRENO, TRASERA"
6262,P24133N,"BALATA FRENO DISCO TRASERA FORD BREMBO",669,760,"Automotriz, Automotriz > Frenos","BALATA, BREMBO, DISCO, FRENO, MUSTANG, TRASERA"
6265,P10031N,"BALATA FRENO DISCO TRASERA PONTIAC BREMBO",374,425,"Automotriz, Automotriz > Frenos","BALATA, BREMBO, DISCO, FRENO, PONTIAC, TRASERA"
6268,P83089N,"BALATA FRENO DISCO TRASERA TOYOTA BREMBO",447,507,"Automotriz, Automotriz > Frenos","BALATA, BREMBO, DISCO, FRENO, Toyota, TRASERA"
6271,P85025,"BALATA FRENO DISCO TRASERA VW GOL BREMBO",478,543,"Automotriz, Automotriz > Frenos","BALATA, BREMBO, DISCO, FRENO, TRASERA, VOLKSWAGEN"
6274,A-I1206,"DISCO VENTILADO BREMBO",372,423,"Automotriz, Automotriz > Frenos","BREMBO, DISCO, VENTILADO, VOYAGER"
6277,A-5891,"DISCO VENTILADO BREMBO",879,999,"Automotriz, Automotriz > Frenos","AUDI, BREMBO, DISCO, VENTILADO"
6279,A-6028,"DISCO VENTILADO BREMBO",974,1107,"Automotriz, Automotriz > Frenos","AUDI, BREMBO, DISCO, VENTILADO"
6281,A-5992,"DISCO VENTILADO BREMBO",1103,1253,"Automotriz, Automotriz > Frenos","BREMBO, DISCO, VENTILADO"
6283,A-5987,"DISCO VENTILADO BREMBO",602,685,"Automotriz, Automotriz > Frenos","BMW, BREMBO, DISCO, VENTILADO"
6285,A-5983,"DISCO VENTILADO BREMBO",817,928,"Automotriz, Automotriz > Frenos","BREMBO, DISCO, TOURING, VENTILADO"
6287,A-I1246,"DISCO VENTILADO BREMBO",451,513,"Automotriz, Automotriz > Frenos","BMW, BREMBO, DISCO, VENTILADO"
6289,I-1301,"DISCO VENTILADO BREMBO",482,547,"Automotriz, Automotriz > Frenos","ATOS, BREMBO, DISCO, VENTILADO"
6291,A-5884,"DISCO SOLIDO BREMBO",304,345,"Automotriz, Automotriz > Frenos","ATOS, BREMBO, DISCO, SOLIDO"
6293,A-6914,"DISCO VENTILADO BREMBO",568,645,"Automotriz, Automotriz > Frenos","CHRYSLER, DISCO, VENTILADO"
6295,A-6912,"DISCO VENTILADO BREMBO",890,1012,"Automotriz, Automotriz > Frenos","CHRYSLER, DISCO, VENTILADO"
6297,A-5461,"DISCO VENTILADO BREMBO",494,561,"Automotriz, Automotriz > Frenos","BREMBO, CHRYSLER, DISCO, VENTILADO"
6299,A-4308,"DISCO VENTILADO BREMBO",336,381,"Automotriz, Automotriz > Frenos","BREMBO, DISCO, VENTILADO"
6302,A-6070,"DISCO VENTILADO BREMBO",609,692,"Automotriz, Automotriz > Frenos","BREMBO, DELANTERO, DISCO, DURANGO, VENTILADO"
6304,A-6049,"DISCO VENTILADO BREMBO",739,839,"Automotriz, Automotriz > Frenos","CHRYSLER, DELANTERO, DISCO, VENTILADO"
6306,A-5235,"DISCO VENTILADO BREMBO",530,603,"Automotriz, Automotriz > Frenos","BREMBO, DELANTERO, DISCO, JEEP, VENTILADO"
6308,A-6021,"DISCO VENTILADO BREMBO",525,597,"Automotriz, Automotriz > Frenos","BREMBO, CHEROKEE, DELANTERO, DISCO, VENTILADO"
6310,A-6170,"DISCO VENTILADO BREMBO",935,1063,"Automotriz, Automotriz > Frenos","DELANTERA, DISCO, TOWN COUNTRY, VENTILADO"
6312,A-5893,"DISCO VENTILADO BREMBO",463,526,"Automotriz, Automotriz > Frenos","BREMBO, CHRYSLER, DELANTERO, DISCO, VENTILADO"
6314,A-6050,"DISCO VENTILADO BREMBO",613,697,"Automotriz, Automotriz > Frenos","CHRYSLER, DELANTERO, DISCO, VENTILADO"
6316,A-5892,"DISCO VENTILADO BREMBO",428,486,"Automotriz, Automotriz > Frenos","BREMBO, CHRYSLER, DISCO, VENTILADO"
6318,A-6086,"DISCO VENTILADO BREMBO",518,588,"Automotriz, Automotriz > Frenos","BREMBO, CHRYSLER, DISCO, RAM, VENTILADO"
6320,A-6178,"DISCO VENTILADO BREMBO",800,910,"Automotriz, Automotriz > Frenos","BREMBO, DELANTERO, DISCO, PICK UP, VENTILADO"
6322,A-6020,"DISCO VENTILADO BREMBO",683,776,"Automotriz, Automotriz > Frenos","BREMBO, CHRYSLER, DELANTERO, DISCO, RAM, VENTILADO"
6324,A-4300,"DISCO ROTOR BREMBO",845,960,"Automotriz, Automotriz > Frenos","DELANTERO, DISCO, DODGE, ROTOR"
6326,A-4771,"DISCO VENTILADO BREMBO",284,322,"Automotriz, Automotriz > Frenos","BREMBO, DELANTERO, DISCO, LE BARON, VENTILADO"
6328,A-4968,"DISCO VENTILADO BREMBO",351,399,"Automotriz, Automotriz > Frenos","BREMBO, DISCO, STRATUS, VENTILADO"
6330,A-I1204,"DISCO VENTILADO BREMBO",613,697,"Automotriz, Automotriz > Frenos","BREMBO, DELANTERO, DISCO, VENTILADO, VOYAGER"
6332,A-4919,"DISCO VENTILADO BREMBO",319,362,"Automotriz, Automotriz > Frenos","BREMBO, DELANTERO, DISCO, NEON, VENTILADO"
6334,A-5945,"DISCO VENTILADO BREMBO",517,587,"Automotriz, Automotriz > Frenos","BREMBO, DELANTERO, DISCO, FIAT PALIO, VENTILADO"
6336,A-5815,"DISCO ROTOR BREMBO",516,587,"Automotriz, Automotriz > Frenos","AEROSTAR, DELANTERO, DISCO, ROTOR"
6338,A-4910,"DISCO DELANTERO BREMBO",777,883,"Automotriz, Automotriz > Frenos","AEROSTAR, DELANTERO, DISCO, ROTOR, VENTILODA"
6340,A-4282,"DISCO VENTILADO BREMBO",445,505,"Automotriz, Automotriz > Frenos","BREMBO, DELANTERO, DISCO, FORD, VENTILADO"
6342,A-4986,"DISCO ROTOR BREMBO",583,663,"Automotriz, Automotriz > Frenos","DELANTERO, DISCO, FORD, ROTOR"
6344,A-5899,"DISCO VENTILADO BREMBO",399,453,"Automotriz, Automotriz > Frenos","BREMBO, DISCO, FIESTA, KA, VENTILADO"
6346,A-6030,"DISCO VENTILADO BREMBO",523,594,"Automotriz, Automotriz > Frenos","BREMBO, DELANTERO, DISCO, ESCAPE, VENTILADO"
6348,A-5796,"DISCO VENTILADO BREMBO",611,694,"Automotriz, Automotriz > Frenos","BREMBO, DELANTERO, DISCO, EXPEDITION, VENTILADO"
6350,A-5406,"DISCO ROTOR BREMBO",566,643,"Automotriz, Automotriz > Frenos","BREMBO, DELANTERO, DISCO, EXPLORER, ROTOR"
6352,A-I0601,"DISCO VENTILADO BREMBO",806,916,"Automotriz, Automotriz > Frenos","BREMBO, DISCO, EXPLORER, VENTILADO"
6354,A-4937,"DISCO ROTOR BREMBO",525,597,"Automotriz, Automotriz > Frenos","BREMBO, DELANTERO, DISCO, MAZDA, ROTOR"
6356,A-4357,"DISCO ROTOR BREMBO",464,528,"Automotriz, Automotriz > Frenos","BREMBO, DELANTERO, DISCO, FORD, ROTOR"
6358,A-4897,"DISCO ROTOR BREMBO",915,1039,"Automotriz, Automotriz > Frenos","BREMBO, DELANTERO, DISCO, FORD, ROTOR"
6360,A-3515,"DISCO ROTOR BREMBO",504,572,"Automotriz, Automotriz > Frenos","BREMBO, DELANTERO, DISCO, FORD, ROTOR"
6362,A-5882,"DISCO SOLIDO BREMBO",422,480,"Automotriz, Automotriz > Frenos","BREMBO, DISCO, FIESTA, FORD, SOLIDO"
6364,A-5881,"DISCO VENTILADO BREMBO",476,541,"Automotriz, Automotriz > Frenos","DELANTERO, DISCO, FOCUS, VENTILADO"
6366,A-5730,"DISCO ROTOR FORD LOBO",983,1117,"Automotriz, Automotriz > Frenos","BREMBO, DELANTERO, DISCO, FORD, LOBO, ROTOR"
6368,A-5971,"DISCO VENTILADO BREMBO",641,729,"Automotriz, Automotriz > Frenos","BREMBO, DELANTERO, DISCO, MONDEO, VENTILADO"
6370,A-5360,"DISCO VENTILADO BREMBO",332,377,"Automotriz, Automotriz > Frenos","BREMBO, DELANTERO, DISCO, FRENO, VENTILADO"
6373,A-5824,"DISCO VENTILADO BREMBO",549,624,"Automotriz, Automotriz > Frenos","BREMBO, DELANTERO, DISCO, VENTILADO"
6374,A-5727,"DISCO ROTOR BREMBO",1090,1239,"Automotriz, Automotriz > Frenos","BREMBO, DELANTERO, DISCO, FORD, ROTOR"
6376,A-5822,"DISCO ROTOR BREMBO",912,1037,"Automotriz, Automotriz > Frenos","BREMBO, DELANTERO, DISCO, FORD"
6378,A-5359,"DISCO VENTILADO BREMBO",619,703,"Automotriz, Automotriz > Frenos","DELANTERO, DISCO, FORD, VENTILADO"
6380,A-4000,"DISCO VENTILADO BREMBO",330,375,"Automotriz, Automotriz > Frenos","BREMBO, DELANTERO, DISCO, FORD, VENTILADO"
6382,A-I1241,"DISCO VENTILADO BREMBO",454,516,"Automotriz, Automotriz > Frenos","BREMBO, DELANTERO, DISCO, FORD, USA, VENTILADO"
6384,A-5820,"DISCO VENTILADO BREMBO",464,528,"Automotriz, Automotriz > Frenos","BREMBO, DELANTERO, DISCO, VENTILADO, WINDSTAR"
6386,A-I0101,"DISCO VENTILADO BREMBO",440,500,"Automotriz, Automotriz > Frenos","BREMBO, DELANTERO, DISCO, VENTILADO, WINDSTAR"
6388,A-5930,"DISCO VENTILADO BREMBO",436,495,"Automotriz, Automotriz > Frenos","ASTRA, BREMBO, DELANTERO, DISCO, VENTILADO"
6390,A-5895,"DISCO VENTILADO BREMBO",559,635,"Automotriz, Automotriz > Frenos","ASTRA, BREMBO, DELANTERO, DISCO, VENTILADO, ZAFIRA"
6392,A-5096,"DISCO ROTOR BREMBO",636,723,"Automotriz, Automotriz > Frenos","BLAZER, DELANTERO, DISCO, ROTOR, USA"
6393,A-4128,"DISCO VENTILADO BREMBO",433,492,"Automotriz, Automotriz > Frenos","BLAZER, BUICK, CADILLAS, DELANTERO, DISCO, VENTILADO"
6395,A-4737,"DISCO ROTOR BREMBO",904,1027,"Automotriz, Automotriz > Frenos","BREMBO, DELANTERO, DISCO, SUBURBAN, VENTILADO"
6397,A-I1205,"DISCO VENTILADO BREMBO",535,608,"Automotriz, Automotriz > Frenos","BREMBO, DELANTERO, DISCO, GM, VENTILADO"
6399,A-4762,"DISCO ROTOR BREMBO",369,419,"Automotriz, Automotriz > Frenos","BREMBO, CAVALIER, DELANTERO, DISCO, ROTOR"
6401,A-4994,"DISCO VENTILADO BREMBO",275,312,"Automotriz, Automotriz > Frenos","BREMBO, CAVALIER, DELANTERO, DISCO, USA, VENTILADO"
6403,A-4999,"DISCO VENTILADO BREMBO",393,447,"Automotriz, Automotriz > Frenos","BREMBO, CHEVY, DELANTERO, DISCO, VENTILADO"
6405,A-5999,"DISCO VENTILADO BREMBO",541,615,"Automotriz, Automotriz > Frenos","BREMBO, CORSA, DELANTERO, DISCO, VENTILADO"
6407,A-4689,"DISCO VENTILADO BREMBO",342,389,"Automotriz, Automotriz > Frenos","BREMBO, CUTLASS, DELANTERO, DISCO, VENTILADO"
6409,A-5887,"DISCO SOLIDO BREMBO",574,652,"Automotriz, Automotriz > Frenos","BREMBO, DELANTERO, DISCO, SOLIDO, TRACKER"
6411,A-6054,"DISCO VENTILADO BREMBO",538,612,"Automotriz, Automotriz > Frenos","BREMBO, DELANTERO, DISCO, MALIBU, VENTILADO"
6413,A-6031,"DISCO VENTILADO BREMBO",463,526,"Automotriz, Automotriz > Frenos","BREMBO, DELANTERO, DISCO, MALIBU, VENTILADO"
6415,A-5980,"DISCO SOLIDO BREMBO",459,521,"Automotriz, Automotriz > Frenos","BREMBO, DELANTERO, DISCO, PONTIAC, SOLIDO"
6417,A-5826,"DISCO VENTILADO BREMBO",618,702,"Automotriz, Automotriz > Frenos","BREMBO, DELANTERO, DISCO, SILVERADO, VENTILADO"
6419,A-5241,"DISCO ROTOR BREMBO",983,1117,"Automotriz, Automotriz > Frenos","ABS, BREMBO, DELANTERO, DISCO, ROTOR, SUBURBAN"
6421,A-5810,"DISCO ROTOR BREMBO",1408,1600,"Automotriz, Automotriz > Frenos","DELANTERO, DISCO, GM, ROTOR"
6423,A-5898,"DISCO VENTILADO BREMBO",609,692,"Automotriz, Automotriz > Frenos","BREMBO, DELANTERO, DISCO, TIGRA, VENTILADO"
6425,A-I0901,"DISCO VENTILADO BREMBO",485,551,"Automotriz, Automotriz > Frenos","BREMBO, DELANTERO, DISCO, TRAILBLAZER, VENTILADO"
6428,A-5883,"DISCO VENTILADO BREMBO",537,610,"Automotriz, Automotriz > Frenos","BREMBO, DELANTERO, DISCO, VENTILADO, VENTURE"
6430,A-I1237,"DISCO VENTILADO BREMBO",312,355,"Automotriz, Automotriz > Frenos","ACCORD, BREMBO, DELANTERO, DISCO, Honda, VENTILADO"
6431,A-I1214,"DISCO VENTILADO BREMBO",570,648,"Automotriz, Automotriz > Frenos","BREMBO, CIVIC, DELANTERO, DISCO, Honda, VENTILADO"
6432,A-5618,"DISCO VENTILADO BREMBO",306,348,"Automotriz, Automotriz > Frenos","BREMBO, DELANTERO, DISCO, Honda, HONDA CIVIC, VENTILADO"
6434,A-I1208,"DISCO VENTILADO BREMBO",483,549,"Automotriz, Automotriz > Frenos","BREMBO, CRV, DELANTERO, DISCO, ODYSSEY, PRELUDE, VENTILADO"
6436,A-6046,"DISCO VENTILADO BREMBO",529,601,"Automotriz, Automotriz > Frenos","BREMBO, DELANTERO, DISCO, Honda, PILOT, VENTILADO"
6438,A-6084,"DISCO VENTILADO BREMBO",628,714,"Automotriz, Automotriz > Frenos","BREMBO, DELANTERO, DIESEL, DISCO, HYUNDAI, VENTILADO"
6440,A-5948,"DISCO VENTILADO BREMBO",450,511,"Automotriz, Automotriz > Frenos","BREMBO, DELANTERO, DISCO, H100, HYUNDAI, VENTILADO"
6442,A-5990,"DISCO VENTILADO BREMBO",713,810,"Automotriz, Automotriz > Frenos","BREMBO, DELANTERO, DISCO, JAGUAR, VENTILADO"
6444,A-6314,"DISCO VENTILADO BREMBO",521,592,"Automotriz, Automotriz > Frenos","BREMBO, CHEROKEE, DELANTERO, DISCO, JEEP, VENTILADO, WRANGLER"
6446,A-6146,"DISCO VENTILADO BREMBO",915,1039,"Automotriz, Automotriz > Frenos","DELANTERO, DISCO, GRAND CHEROKEE, JEEP COMMANDER, VENTILADO"
6448,A-I1215,"DISCO VENTILADO BREMBO",355,404,"Automotriz, Automotriz > Frenos","DELANTERO, DISCO, MAZDA, VENTILADO"
6449,A-5949,"DISCO VENTILADO BREMBO",744,845,"Automotriz, Automotriz > Frenos","DELANTERO, DISCO, MERCEDES BENZ, VENTILADO"
6451,A-5996,"DISCO VENTILADO BREMBO",511,581,"Automotriz, Automotriz > Frenos","BREMBO, DISCO, VENTILADO"
6453,A-6038,"DISCO VENTILADO BREMBO",671,763,"Automotriz, Automotriz > Frenos","BREMBO, DELANTERO, DISCO, MERCEDES BENZ, SPRINTER, VENTILADO"
6455,A-5905,"DISCO VENTILADO BREMBO",329,374,"Automotriz, Automotriz > Frenos","ALMERA, BREMBO, DELANTERO, DISCO, NISSAN, VENTILADO"
6457,A-5904,"DISCO VENTILADO BREMBO",589,670,"Automotriz, Automotriz > Frenos","ALMERA, BREMBO, DELANTERO, DISCO, NISSA, SPORT, VENTILADO"
6459,A-6074,"DISCO VENTILADO BREMBO",492,559,"Automotriz, Automotriz > Frenos","ALTIMA, BREMBO, DELANTERO, DISCO, MAXIMA, NISSAN, VENTILADO"
6461,A-I1233,"DISCO VENTILADO BREMBO",614,698,"Automotriz, Automotriz > Frenos","ALTIMA, BREMBO, DELANTERO, DISCO, NISSAN, VENTILADO"
6462,A-5214,"DISCO VENTILADO BREMBO",384,436,"Automotriz, Automotriz > Frenos","BREMBO, DELANTERO, DISCO, NISSAN, SENTRA, VENTILADO"
6464,A-5828,"DISCO VENTILADO BREMBO",428,486,"Automotriz, Automotriz > Frenos","BREMBO, DELANTERO, DISCO, NISSAN, PATHFINDER, VENTILADO"
6466,A-6047,"DISCO VENTILADO BREMBO",632,719,"Automotriz, Automotriz > Frenos","ARMADA, BREMBO, DELANTERO, DISCO, NISSAN, PATHFINDER, VENTILADO"
6468,A-4935,"DISCO VENTILADO BREMBO",550,625,"Automotriz, Automotriz > Frenos","BREMBO, DELANTERO, DISCO, ESTAQUITAS, NISSAN, PICK UP, VENTILADO"
6470,A-4953,"DISCO VENTILADO BREMBO",476,541,"Automotriz, Automotriz > Frenos","BREMBO, DELANTERO, DISCO, NISSAN, PICK UP, USA, VENTILADO"
6471,A-5908,"DISCO VENTILADO BREMBO",377,429,"Automotriz, Automotriz > Frenos","BREMBO, DELANTERO, DISCO, NISSAN, QUEST, VENTILADO"
6473,A-5714,"DISCO VENTILADO BREMBO",589,669,"Automotriz, Automotriz > Frenos","BREMBO, DELANTERO, DISCO, INFINITY, NISSAN, SENTRA, VENTILADO"
6475,A-4736,"DISCO SOLIDO BREMBO",403,458,"Automotriz, Automotriz > Frenos","BREMBO, DELANTERO, DISCO, NISSAN, SOLIDO, Tsuru"
6477,A-5248,"DISCO VENTILADO BREMBO",393,447,"Automotriz, Automotriz > Frenos","BREMBO, DELANTERO, DISCO, NISSAN, Tsuru, VENTILADO"
6479,A-4005,"DISCO SOLIDO BREMBO",307,349,"Automotriz, Automotriz > Frenos","BREMBO, DELANTERO, DISCO, NISSAN, SAMURAI, Tsuru"
6481,A-5936,"DISCO VENTILADO BREMBO",534,607,"Automotriz, Automotriz > Frenos","BREMBO, DELANTERO, DISCO, NISSAN, Urvan, VENTILADO"
6483,A-6025,"DISCO VENTILADO BREMBO",695,789,"Automotriz, Automotriz > Frenos","BREMBO, DELANTERO, DISCO, NISSAN, Urvan, VENTILADO"
6485,A-6079,"DISCO VENTILADO BREMBO",706,802,"Automotriz, Automotriz > Frenos","BREMBO, DELANTERO, DISCO, NISSAN, VENTILADO, XTRAIL"
6487,A-5909,"DISCO SOLIDO BREMBO",465,528,"Automotriz, Automotriz > Frenos","BREMBO, DELANTERO, DISCO, PEUGEOT, SOLIDO"
6489,A-5910,"DISCO VENTILADO BREMBO",348,396,"Automotriz, Automotriz > Frenos","BREMBO, DELANTERO, DISCO, PEUGEOT, VENTILADO"
6491,A-5952,"DISCO VENTILADO BREMBO",495,562,"Automotriz, Automotriz > Frenos","BREMBO, DELANTERO, DISCO, MONNLIGHT, PUEGEOT, VENTILADO"
6493,A-5956,"DISCO VENTILADO BREMBO",867,985,"Automotriz, Automotriz > Frenos","BREMBO, DELANTERO, DISCO, PEUGEOT, VENTILADO"
6495,A-5960,"DISCO VENTILADO BREMBO",1279,1453,"Automotriz, Automotriz > Frenos","BREMBO, DELANTERO, DISCO, PEUGEOT, VENTILADO"
6497,A-5962,"DISCO VENTILADO BREMBO",540,614,"Automotriz, Automotriz > Frenos","BREMBO, DELANTERO, DISCO, FURGONPACK, PARTHNER, PEUGEOT, VENTILADO"
6499,09A18511,"DISCO VENTILADO BREMBO",899,1021,"Automotriz, Automotriz > Frenos","BREMBO, CITROEN, DISCO, PEUGEOT, VENTILADO"
6501,A-6935,"DISCO VENTILADO BREMBO",759,863,"Automotriz, Automotriz > Frenos","AVALANCHE, BREMBO, CHEVROLET, DISCO, ESCALADE, SUBURBAN, TAHOE, TRASERO, VENTILADO"
6503,A-6122,"DISCO VENTILADO BREMBO",788,986,"Automotriz, Automotriz > Frenos","BREMBO, CRAFTER, DISCO, DOBLE RODADA, MERCEDES BENZ, SPRINTER, TRASERO, VENTILADO"
6504,A-6810,"DISCO VENTILADO BREMBO",613,697,"Automotriz, Automotriz > Frenos","BREMBO, DISCO, INFINITY, MISSAN, ROGUE, TRASERO, VENTILADO, XTRAIL"
6506,A-7401,"DISCO VENTILADO BREMBO",925,1051,"Automotriz, Automotriz > Frenos","BREMBO, DISCO, FORD, TRANSIT, TRASERO, VENTILADO"
6508,A-5115,"ROTOR DELANTERO BREMBO",954,1085,"Automotriz, Automotriz > Frenos","ASTROVAN, BREMBO, DELANTERO, ROTOR"
6510,A-6026,"ROTOR DELANTERO BREMBO",613,697,"Automotriz, Automotriz > Frenos","BREMBO, DATSUN, DELANTERO, NISSAN, ROTOR, SAKURAN SAMURAI"
6512,A-6003,"ROTOR DELANTERO BREMBO",2276,2586,"Automotriz, Automotriz > Frenos","BREMBO, DELANTERO, FORD, INTEGRAL, ROTOR, TRITON"
6514,A-5788,"ROTOR TRASERO BREMBO",763,867,"Automotriz, Automotriz > Frenos","BREMBO, FORD, LOBO, PICK UP, ROTOR, TRASERO"
6516,A-5811,"ROTOR TRASERO BREMBO",932,1059,"Automotriz, Automotriz > Frenos","BREMBO, ROTOR, SIERRA, SILVERADO, TRASERO"
6518,14938410,"TAMBOR FRENO BREMBO",492,560,"Automotriz, Automotriz > Frenos","BREMBO, CHERY, FRENO, LUPO, POLO, SEAT, TAMBOR"
6520,A-2610ST,"TAMBOR FRENO DELANTERO BREMBO",690,784,"Automotriz, Automotriz > Frenos","BREMBO, DELANTERO, FRENO, SEDAN, TAMBOR"
6522,A-7455,"TAMBOR FRENO TRASERO BREMBO",759,863,"Automotriz, Automotriz > Frenos","BREMBO, CROSS FOX, TAMBOR, TRASERO"
6523,A-6087,"TAMBOR FRENO TRASERO BREMBO",414,471,"Automotriz, Automotriz > Frenos","ATOS, BREMBO, TAMBOR, TRASERO"
6524,A-6083,"TAMBOR FRENO TRASERO BREMBO",535,608,"Automotriz, Automotriz > Frenos","ATOS, BREMBO, HYUNDAI, TAMBOR, TRASERO"
6526,A-6043,"TAMBOR FRENO TRASERO BREMBO",737,838,"Automotriz, Automotriz > Frenos","BREMBO, JEEP, LIBERTY, TAMBOR, TRASERO"
6527,A-6751,"TAMBOR FRENO TRASERO BREMBO",301,342,"Automotriz, Automotriz > Frenos","BREMBO, NEON, TAMBOR, TRASERO"
6529,A-6023,"TAMBOR FRENO TRASERO BREMBO",1557,1769,"Automotriz, Automotriz > Frenos","BREMBO, RAM, TAMBOR, TRASERO"
6530,A-4400,"TAMBOR FRENO TRASERO BREMBO",956,1086,"Automotriz, Automotriz > Frenos","CHARGER, TAMBOR, TRASERO"
6532,A-6041,"TAMBOR FRENO TRASERO BREMBO",600,682,"Automotriz, Automotriz > Frenos","BREMBO, ESCAPE, FORD, TAMBOR, TRASERO"
6534,A-5900,"TAMBOR FRENO TRASERO BREMBO",455,517,"Automotriz, Automotriz > Frenos","BREMBO, FORD, TAMBOR, TRASERO"
6535,A-1903,"TAMBOR FRENO TRASERO BREMBO",655,745,"Automotriz, Automotriz > Frenos","BREMBO, FORD, FRENO, TAMBOR, TRASERO"
6537,A-5947,"TAMBOR FRENO TRASERO BREMBO",557,633,"Automotriz, Automotriz > Frenos","BREMBO, FIESTA, FORD, FRENO, KA, TAMBOR, TRASERO"
6538,A-6059,"TAMBOR FRENO TRASERO BREMBO",1316,1495,"Automotriz, Automotriz > Frenos","BREMBO, FORD, FRENO, MICRO, TAMBOR, TRASERO"
6540,A-5789,"TAMBOR FRENO TRASERO BREMBO",977,1110,"Automotriz, Automotriz > Frenos","BREMBO, FORD, FRENO, LOBO, PICK UP, TAMBOR, TRASERO"
6542,A-6081,"TAMBOR FRENO TRASERO BREMBO",540,613,"Automotriz, Automotriz > Frenos","AEROSTAR, BREMBO, FORD, FRENO, RANGER, TAMBOR, TRASERO"
6544,A-4007,"TAMBOR FRENO TRASERO BREMBO",492,559,"Automotriz, Automotriz > Frenos","BREMBO, FORD, FRENO, GHIA, TAMBOR, TOPAZ, TRASERO"
6546,A-I1306,"TAMBOR FRENON TRASERO BREMBO",371,422,"Automotriz, Automotriz > Frenos","BREMBO, CAVALIER, FRENO, TAMBOR, TRASERO"
6547,A-6018,"TAMBOR FRENO TRASERO BREMBO",358,407,"Automotriz, Automotriz > Frenos","BREMBO, CHEVY, FRENO, TAMBOR, TRASERO"
6548,A-4987,"TAMBOR FRENO TRASERO BREMBO",534,607,"Automotriz, Automotriz > Frenos","BREMBO, CHEVY, FRENO, TAMBOR, TAZA, TRASERO"
6550,A-6154,"TAMBOR FRENO TRASERO BREMBO",1024,1368,"Automotriz, Automotriz > Frenos","BREMBO, CORSA, FRENO, TAMBOR, TRASERO"
6552,A-4751,"TAMBOR FRENO TRASERO BREMBO",897,1019,"Automotriz, Automotriz > Frenos","BREMBO, FRENO, SUBURBAN, TAMBOR, TRASERO"
6554,A-6073,"TAMBOR FRENO TRASERO BREMBO",520,591,"Automotriz, Automotriz > Frenos","BREMBO, FRENO, TAMBOR, TORNADO, TRASERO"
6556,A-7454,"TAMBOR FRENO TRASERO BREMBO",419,476,"Automotriz, Automotriz > Frenos","ATTITUDE, BREMBO, FRENO, HYUNDAI, TAMBOR, TRASERO"
6557,A-4734,"TAMBOR FRENO TRASERO BREMBO",1178,1339,"Automotriz, Automotriz > Frenos","ESTAQUITAS, FRENO, NISSAN, PICK UP, TAMBOR, TRASERO"
6558,A-3402,"TAMBOR FRENO TRASERO BREMBO",435,494,"Automotriz, Automotriz > Frenos","BREMBO, D21, ESTAQUITAS, FRENO, PICK UP, TAMBOR, TRASERO"
6560,A-4378,"TAMBOR FRENO TRASERO BREMBO",512,581,"Automotriz, Automotriz > Frenos","BREMBO, FRENO, HIKARI, NISSAN, TAMBOR, TRASERO, TSURU III, VAGONETA"
6562,A-4370,"TAMBOR FRENO TRASERO BREMBO",724,823,"Automotriz, Automotriz > Frenos","BREMBO, FRENO, ICHIVAN, NISSAN, SAKURA, SAMURAI, SEDAN, TAMBOR, TRASERO"
6564,A-6027,"TAMBOR FRENO TRASERO BREMBO",674,766,"Automotriz, Automotriz > Frenos","BREMBO, CLIO, FRENO, NISSAN, PLATINA, TAMBOR, TRASERO"
6566,A-6994,"TAMBOR FRENO TRASERO BREMBO",467,530,"Automotriz, Automotriz > Frenos","BREMBO, FRENO, NISSAN, SENTRA, TAMBOR, TIIDA, TRASERO"
6568,A-5748,"TAMBOR FRENO TRASERO BREMBO",501,570,"Automotriz, Automotriz > Frenos","BREMBO, FRENO, NISSAN, SENTRA, TAMBOR, TRASERO"
6570,A-4749,"TAMBOR FRENO TRASERO BREMBO",857,974,"Automotriz, Automotriz > Frenos","BREMBO, FRENO, NISSAN, TAMBOR, TRASERO, TSUBAME, VANETTE"
6572,A-4735,"TAMBOR FRENO TRASERO BREMBO",387,440,"Automotriz, Automotriz > Frenos","BREMBO, FRENO, NISSAN, TAMBOR, TRASERO, TSURU GS"
6574,A-4006,"TAMBOR FRENO TRASERO BREMBO",386,438,"Automotriz, Automotriz > Frenos","BREMBO, FRENO, NISSAN, SAMURAI, TAMBOR, TRASERO, TSURU I, VAGONETA"
6577,A-5935,"TAMBOR FRENO TRASERO BREMBO",784,891,"Automotriz, Automotriz > Frenos","BREMBO, ESTAQUITAS, FRENO, NISSAN, PICK UP, TAMBOR, TRASERO, Urvan"
6579,A-5951,"TAMBOR FRENO TRASERO BREMBO",549,624,"Automotriz, Automotriz > Frenos","BREMBO, FRENO, PEUGEOT, TAMBOR, TRASERO"
6581,A-5959,"TAMBOR FRENO TRASERO BREMBO",612,696,"Automotriz, Automotriz > Frenos","BREMBO, FRENO, PEUGEOT, TAMBOR, TRASERO"
6583,A-5963,"TAMBOR FRENO TRASERO BREMBO",609,692,"Automotriz, Automotriz > Frenos","BREMBO, CLIO, FRENO, RENAULT, TAMBOR, TRASERO"
6585,A-5966,"TAMBOR FRENO TRASERO BREMBO",634,721,"Automotriz, Automotriz > Frenos","BREMBO, FRENO, KANGOO, RENAULT, TAMBOR, TRASERO"
6587,A-7418,"TAMBOR FRENO TRASERO BREMBO",565,642,"Automotriz, Automotriz > Frenos","BREMBO, FRENO, MATIZ, PONTIAC, TAMBOR, TRASERO"
6589,A-7490,"TAMBOR FRENO TRASERO BREMBO",674,765,"Automotriz, Automotriz > Frenos","CLASICO, FRENO, TAMBOR, TRASERO, VOLKSWAGEN"
6591,A-5968,"TAMBOR FRENO TRASERO BREMBO",528,600,"Automotriz, Automotriz > Frenos","ATLANTIC, BREMBO, CARIBE, FRENO, GOLF, JETTA, TAMBOR, TRASERO"
6593,A-4026,"TAMBOR FRENO TRASERO BREMBO",503,572,"Automotriz, Automotriz > Frenos","BREMBO, COMBI, FRENO, PANEL, TAMBOR, TRASERO"
6595,14.9384.10,"TAMBOR FRENO TRASERO BREMBO",502,571,"Automotriz, Automotriz > Frenos","BREMBO, FRENO, GOL, TAMBOR, TRASERO, VW"
6597,A-5926,"TAMBOR FRENO TRASERO BREMBO",605,688,"Automotriz, Automotriz > Frenos","BREMBO, FRENO, GOLF, JETTA, TAMBOR, TRASERO"
6599,A-5890,"TAMBOR FRENO TRASERO BREMBO",592,673,"Automotriz, Automotriz > Frenos","BREMBO, FRENO, POINTER, TAMBOR, TRASERO"
6601,A-2590,"TAMBOR FRENO TRASERO BREMBO",736,836,"Automotriz, Automotriz > Frenos","BRASILIA, BREMBO, FRENO, SEDAN, TAMBOR, TRASERO, VW"
6603,A-5911,"DISCO VENTILADO BREMBO",513,583,"Automotriz, Automotriz > Frenos","BREMBO, CLIO, DELANTERO, DISCO, FRENO, RENAULT, VENTILADO"
6605,A-5964,"DISCO VENTILADO BREMBO",643,730,"Automotriz, Automotriz > Frenos","BREMBO, CLIO, DISCO, FRENO, RENAULT, SPORT, VENTILADO"
6607,A-7378,"DISCO VENTILADO BREMBO",873,992,"Automotriz, Automotriz > Frenos","BREMBO, DELANTERO, DISCO, DUSTER, FLUENCE, RENAULT, VENTILADO"
6609,A-6076,"DISCO VENTILADO BREMBO",840,954,"Automotriz, Automotriz > Frenos","BREMBO, DISCO, FRENO, HIACE, Toyota, VENTILADO"
6611,A-5709,"DISCO VENTILADO BREMBO",479,544,"Automotriz, Automotriz > Frenos","BREMBO, DELANTERO, DISCO, FRENO, PICK UP, Toyota, TURBO, VENTILADO"
6612,A-6040,"DISCO VENTILADO BREMBO",547,622,"Automotriz, Automotriz > Frenos","BREMBO, DELANTERO, DISCO, FRENO, RAV4, Toyota, VENTILADO"
6614,A-4004,"DISCO SOLIDO BREMBO",332,377,"Automotriz, Automotriz > Frenos","ATLANTIC, BREMBO, CARIBE, CORSAR, DELANTERO, DISCO, FRENO, GOLF, JETTA, POINTER, SOLIDO"
6616,A-6029,"DISCO VENTILADO BREMBO",1160,1318,"Automotriz, Automotriz > Frenos","AUDI, BREMBO, CABRIO, DELANTERO, DISCO, FRENO, LUXURY, TENDRY, VENTILADO"
6617,A-6102,"DISCO VENTILADO BREMBO",754,856,"Automotriz, Automotriz > Frenos","BORA, BREMBO, DELANTERO, DISCO, FRENO, VENTILADO"
6619,A-6100MAX,"DISCO VENTILADO BREMBO",1401,1592,"Automotriz, Automotriz > Frenos","ALTEA, BORA, BREMBO, DELANTERO, DISCO, FRENO, LEON, SEAT, TOLEDO, VENTILADO"
6621,A-6100,"DISCO VENTILADO BREMBO",858,976,"Automotriz, Automotriz > Frenos","ALTEA, BORA, BREMBO, DELANTERO, DISCO, FRENO, LEON, SEAT, VENTILADO"
6623,A-4016,"DISCO SOLIDO BREMBO",715,813,"Automotriz, Automotriz > Frenos","BREMBO, COMBI, DELANTERO, DISCO, FRENO, PANEL, SOLIDO"
6625,A-4726,"DISCO SOLIDO BREMBO",490,557,"Automotriz, Automotriz > Frenos","BREMBO, DELANTERO, DERBY, DISCO, FRENO, GOLF, JETTA, SOLIDO"
6627,A-5924,"DISCO VENTILADO BREMBO",583,674,"Automotriz, Automotriz > Frenos","BREMBO, DELANTERO, DISCO, EUROVAN, FRENO, VENTILADO"
6629,A-6077,"DISCO VENTILADO BREMBO",1234,1402,"Automotriz, Automotriz > Frenos","BREMBO, DELANTERO, DIESEL, DISCO, EUROVAN, FRENO, VENTILADO"
6631,A-6165,"DISCO VENTILADO BREMBO",466,529,"Automotriz, Automotriz > Frenos","BREMBO, DELANTERO, DISCO, GOL, SAVEIRO, VENTILADO"
6633,A-6104,"DISCO VENTILADO BREMBO",1365,1551,"Automotriz, Automotriz > Frenos","AUDI, BORA, BREMBO, DELANTERO, DISCO, GOLF, PASSAT, TIGUAN, VENTILADO"
6635,A-4917,"DISCO VENTILADO BREMBO",478,544,"Automotriz, Automotriz > Frenos","BREMBO, DELANTERO, DISCO, FRENO, GOLF, JETTA, VENTILADO"
6637,A-I1427,"DISCO VENTILADO BREMBO",901,1024,"Automotriz, Automotriz > Frenos","BREMBO, DELANTERO, DISCO, FRENO, JETTA, NEW BEETLE, VENTILADO"
6639,A-I1429,"DISCO VENTILADO BREMBO",666,757,"Automotriz, Automotriz > Frenos","AUDI, BREMBO, DELANTERO, DISCO, FRENO, JETTA, NEW BEETLE, SEAT, VENTILADO"
6641,A-I1207,"DISCO VENTILADO BREMBO",518,588,"Automotriz, Automotriz > Frenos","AUDI, BREMBO, DELANTERO, DISCO, FRENO, PASSAT, VENTILADO"
6643,A-5889,"DISCO VENTILADO BREMBO",378,429,"Automotriz, Automotriz > Frenos","BREMBO, DELANTERO, DISCO, FRENO, POINTER, VENTILADO"
6645,A-5970,"DISCO VENTILADO BREMBO",647,736,"Automotriz, Automotriz > Frenos","BREMBO, DELANTERO, DISCO, FRENO, POLO, VENTILADO"
6647,I-1258,"DISCO VENTILADO BREMBO",629,714,"Automotriz, Automotriz > Frenos","BREMBO, DELANTERO, DISCO, FRENO, SEDAN, VENTILADO, VW"
6650,A-6198,"DISCO VENTILADO BREMBO",1110,1262,"Automotriz, Automotriz > Frenos","BREMBO, DELANTERO, DISCO, PICK UP, RUNNER, TACOMA, Toyota, TUNDRA, VENTILADO"
6652,08A54011,"DISCO SOLIDO BREMBO",530,603,"Automotriz, Automotriz > Frenos","BREMBO, DELANTERO, DISCO, FORD, SOLIDO"
6654,08A87111,"DISCO SOLIDO BREMBO",531,603,"Automotriz, Automotriz > Frenos","BREMBO, CRV, DISCO, FRENO, Honda, SOLIDO"
6656,08C30811,"DISCO SOLIDO BREMBO",423,480,"Automotriz, Automotriz > Frenos","BREMBO, DELANTERO, DISCO, FRENO, GRAND PICASSO, PEUGEOT, SOLIDO"
6658,A-7407,"DISCO SOLIDO BREMBO",525,597,"Automotriz, Automotriz > Frenos","AVANZA, BREMBO, DELANTERO, DISCO, FRENO, SOLIDO, Toyota"
6660,A-7305,"DISCO SOLIDO BREMBO",479,545,"Automotriz, Automotriz > Frenos","APRIO, BREMBO, DELANTERO, DISCO, NISSAN, SOLIDO, TRASERO"
6662,08C17221,"DISCO SOLIDO BREMBO",371,422,"Automotriz, Automotriz > Frenos","BREMBO, DELANTERO, DISCO, HYUNDAI, KIA, SOLIDO"
6664,08A11211,"DISCO SOLIDO BREMBO",408,464,"Automotriz, Automotriz > Frenos","BREMBO, DELANTERO, DISCO, MAZDA, SOLIDO"
6666,08C65911,"DISCO SOLIDO BREMBO",360,409,"Automotriz, Automotriz > Frenos","BREMBO, DELANTERO, DISCO, FRENO, PEUGEOT, SOLIDO"
6668,8716521,"DISCO SOLIDO BREMBO",303,344,"Automotriz, Automotriz > Frenos","BREMBO, DELANTERO, DISCO, FRENO, LUPO, POLO, SEAT, SOLIDO"
6670,08-7165-21,"DISCO SOLIDO BREMBO",392,445,"Automotriz, Automotriz > Frenos","BREMBO, DISCO, FRENO, SAVEIRO, SOLIDO, TRASERO"
6672,08-C172-21,"DISCO SOLIDO TRASERO",371,422,"Automotriz, Automotriz > Frenos","BREMBO, DISCO, FRENO, KIA, SOLIDO, SOUL, TRASERO"
6674,08-C659-11,"DISCO SOLIDO BREMBO",306,409,"Automotriz, Automotriz > Frenos","BREMBO, DISCO, FRENO, PEUGEOT, SOLIDO, TRASERO, TURBO"
6676,A-7457,"DISCO SOLIDO BREMBO",372,423,"Automotriz, Automotriz > Frenos","BEETLE, BREMBO, DISCO, FRENO, GOLF, JETTA, PASSAT, SOLIDO, TRASERO"
6678,A-4931,"DISCO SOLIDO BREMBO",277,315,"Automotriz, Automotriz > Frenos","BREMBO, DISCO, FRENO, NEON, TRASERO"
6680,A-G0313,"DISCO VENTILADO BREMBO",726,825,"Automotriz, Automotriz > Frenos","BREMBO, CADILLAC, DISCO, FRENO, SUBURBAN, TAHOE, TRASERO, VENTILADO, YUKON"
6682,A-5929,"DISCO SOLIDO BREMBO",535,608,"Automotriz, Automotriz > Frenos","AUDI, BREMBO, DISCO, FRENO, SOLIDO, TRASERO"
6684,A-5982,"DISCO SOLIDO BREMBO",331,376,"Automotriz, Automotriz > Frenos","AUDI, BREMBO, DISCO, FRENO, SOLIDO, TRASERO"
6685,A-5989,"DISCO VENTILADO BREMBO",614,697,"Automotriz, Automotriz > Frenos","BMW, BREMBO, DISCO, FRENO, TRASERO, VENTILADO"
6687,A-6341,"DISCO VENTILADO BREMBO",532,605,"Automotriz, Automotriz > Frenos","BREMBO, DISCO, FRENO, MAGNUM, TRASERO, VENTILADO"
6688,A-6044,"DISCO SOLIDO BREMBO",431,490,"Automotriz, Automotriz > Frenos","BREMBO, DISCO, FRENO, JEEP, LIBERTY, SOLIDO, TRASERO"
6690,A-6171,"DISCO SOLIDO BREMBO",618,703,"Automotriz, Automotriz > Frenos","BREMBO, DISCO, FRENO, JOURNEY, SOLIDO, TOWN COUNTRY, TRASERO"
6692,A-6051,"DISCO SOLIDO BREMBO",589,669,"Automotriz, Automotriz > Frenos","BREMBO, DISCO, FRENO, PACIFICA, SOLIDO, TRASERO"
6693,A-6191,"DISCO VENTILADO BREMBO",940,1069,"Automotriz, Automotriz > Frenos","BREMBO, DISCO, FRENO, PICK UP, RAM, TRASERO, VENTILADO"
6695,A-4993,"DISCO SOLIDO BREMBO",366,416,"Automotriz, Automotriz > Frenos","BREMBO, CIRRUS, DISCO, FRENO, SOLIDO, STRATUS, TRASERO"
6697,A-5384,"DISCO VENTILADO BREMBO",403,458,"Automotriz, Automotriz > Frenos","BREMBO, DISCO, EXPLORER, FORD, FRENO, TRASERO, VENTILADO"
6699,A-6053,"DISCO VENTILADO BREMBO",409,464,"Automotriz, Automotriz > Frenos","BREMBO, DISCO, FORD, FREESTAR, FRENO, TRASERO, VENTILADO"
6701,A-6002,"DISCO VENTILADO BREMBO",513,582,"Automotriz, Automotriz > Frenos","BREMBO, DISCO, EXPLORER, FORD, FRENO, LOBO, NAVIGATOR, TRASERO, VENTILADO"
6703,A-5903,"DISCO VENTILADO BREMBO",275,313,"Automotriz, Automotriz > Frenos","DISCO, FORD, FRENO, MONDEO, TRASERO, VENTILADO"
6705,A-5894,"DISCO SOLIDO BREMBO",289,328,"Automotriz, Automotriz > Frenos","ASTRA, BREMBO, DISCO, FRENO, SOLIDO, TRASERO"
6707,A-5896,"DISCO SOLIDO BREMBO",390,443,"Automotriz, Automotriz > Frenos","ASTRA, BREMBO, DISCO, FRENO, SOLIDO, TRASERO, ZAFIRA"
6709,A-6010,"DISCO VENTILADO BREMBO",1267,1439,"Automotriz, Automotriz > Frenos","DISCO, FRENO, MICRO, TRASERO, VENTILADO"
6710,A-6055,"DISCO SOLIDO BREMBO",418,474,"Automotriz, Automotriz > Frenos","BREMBO, DISCO, FRENO, MALIBU, SOLIDO, TRASERO"
6712,A-5692,"DISCO VENTILADO BREMBO",724,822,"Automotriz, Automotriz > Frenos","BREMBO, DISCO, FRENO, PICK UP, TRASERO, VENTILADO"
6714,A-5694,"DISCO VENTILADO BREMBO",860,978,"Automotriz, Automotriz > Frenos","BREMBO, DISCO, FRENO, SIERRA, SILVERADO, SUBURBAN, TRASERO, VENTILADO"
6716,A-I1230,"DISCO SOLIDO BREMBO",316,359,"Automotriz, Automotriz > Frenos","ACCORD, BREMBO, DISCO, FRENO, Honda, SOLIDO, TRASERO"
6718,A-I1220,"DISCO SOLIDO BREMBO",247,280,"Automotriz, Automotriz > Frenos","BREMBO, CIVIC, COUPER, DISCO, FRENO, SOLIDO, TRASERO"
6720,A-6045,"DISCO SOLIDO BREMBO",440,500,"Automotriz, Automotriz > Frenos","BREMBO, DISCO, Honda, PILOT, SOLIDO, TRASERO"
6722,A-6321,"DISCO SOLIDO BREMBO",419,476,"Automotriz, Automotriz > Frenos","DISCO, FRENO, GRAND CHEROKEE, JEEP, SOLIDO, TRASERO"
19675,FWBD3039,"BALATA DISCO GM ONIX TRACKER 20-22 CERAMICA AUTOMOTRIZ FURWAGEN",654,817,"Automotriz, Automotriz > Frenos","BALATA, CERAMINA, DISCO, FRENO, FURWAGEN, ONIX, TRACKER"
19731,P28089N,"BALATA ACURA RDX HONDA CIVIC BREMBO",874,993,"Automotriz, Automotriz > Frenos","ACURA, BALATA, BREMBO, CIVIC, Honda, RDX"
19733,P28022N,"BALATA ACURA  HONDA ACCORD, CIVIC, BREMBO",1060,1205,"Automotriz, Automotriz > Frenos","ACCORD, ACURA, BALATA, BREMBO, CIVIC, Honda"
19735,P85114N,"BALATA AUDI A1 , SEAT, ALTEA, NEON, BEETLE BREMBO",831,944,"Automotriz, Automotriz > Frenos","ALTEA, AUDI, BALATA, BEETLE, BREMBO, JETTA, LEON, PASSAT, SEAT"
19738,P85146N,"BALATA AUDI A1, SEAT, BEETLE, JETTA, GOLF, BREMBO",1610,1830,"Automotriz, Automotriz > Frenos","AUDI A1, BALATA, BEETLE, BREMBO, GOLF, JETTA, LEON, PASSAT, SEAT"
19740,09.7010.76,"BALATA AUDI A1 SEAT, BEETLE, POLO BREMBO",1853,2106,"Automotriz, Automotriz > Frenos","AUDI A1, BALATA, BEETLE, BREMBO, JETTA, SEAT"
19742,08.7165.10,"BALATA AUDI A1 SEAT, BEETLE, TOLEDO, POLO, BREMBO",359,408,"Automotriz, Automotriz > Frenos","AUDI, BALATA, BEETLE, BREMBO, CORDOBA, IBIZA, JETTA, LEON, SEAT, TOLEDO"
19743,08.7165.1X,"BALATA AUDI, SEAT, LEON, TOLEDO, BEETLE, JETTA, BREMBO",1152,1309,"Automotriz, Automotriz > Frenos","BALATA AUDI, BEETLE, BREMBO, JETTA, LEON, SEAT, TOLEDO"
19744,DS-P85020,"BALATA AUDI, PEUGEOT, RENAULT, MEGANE, CORDOBA, BEETLE, POLO, BREMBO",583,663,"Automotriz, Automotriz > Frenos","BALATA AUDI, BEETLE, BREMBO, CORDOBA, MEGANE, PEUGEOT, POLO, RENAULT"
19746,P85020X,"BALATA AUDI A1 A3 A4 BEETLE, POLO BREMBO",849,965,"Automotriz, Automotriz > Frenos","AUDI, BALATA, BEETLE, BREMBO, POLO, SEAT, TOLEDO"
19748,P85075,"BALATA AUDI SEAT BEETLE GOLF POLO BREMBO",959,1090,"Automotriz, Automotriz > Frenos","AUDI, BALATA, BEETLE, BREMBO, ELTEA, GOLF, PASSAT, SEAT"
19750,09.7011.1X,"BALATA AUDI SEAT IBIZA TOLEDO LUPO BREMBO",1573,1787,"Automotriz, Automotriz > Frenos","BALATA, BREMBO, CROSS FOX, IBIZA, JETTA, LUPO, SEAT, TOLEDO, VENTO"
19752,P85041,"BALATA AUDI SEAT LEON IBIZA TOLEDO GOL BREMBO",862,980,"Automotriz, Automotriz > Frenos","AUDI, BALATA, BREMBO, GOL, IBIZA, LEON, SEAT, TOLEDO"
19754,P85073,"AUDI A3 SEAT LEON BORA GOLF JETTA PASSAT BREMBO",829,942,"Automotriz, Automotriz > Frenos","AUDI A3, BORA, BREMBO, GOLF, PASSAT, SEAT, TOLEDO"
19756,P85072N,"BALATA AUDI A3 CORDOBA LEON BEETLE POLO BREMBO",818,929,"Automotriz, Automotriz > Frenos","AUDI A3, BALATA, BEETLE, BREMBO, IBIZA, JETTA, LEON, POLO"
19758,09.9145.10,"BALATA AUDI A3 ALTEA LEON BEETLE CADDY BREMBO",1366,1552,"Automotriz, Automotriz > Frenos","ALTEA, AUDI A3, BALATA, BEETLE, BORA, BREMBO, CADDY, JETTA, LEON"
19759,P85126,"BALATA AUDI A3 SETA LEON GOLF TIGUAN BREMBO",1292,1468,"Automotriz, Automotriz > Frenos","AUDI A3, BALATA, BREMBO, GOLF, JETTA, LEON, SEAT, TIGUAN"
19762,P85085N,"BALATA AUDI A4 QUATTRO PASSAT BREMBO",1392,1582,"Automotriz, Automotriz > Frenos","AUDI A4, BALATA, BREMBO, PASSAT, QUATTRO"
19764,P85044N,"BALATA AUDI A4 BREMBO",1263,1435,"Automotriz, Automotriz > Frenos","AUDI A4, BALATA, BREMBO"
19767,P85113N,"BALATA AUDI A4 BREMBO",1397,1587,"Automotriz, Automotriz > Frenos","AUDI A4, BALATA, BREMBO"
19769,09.A758.1X,"BALATA AUDI A4 BREMBO",2371,2694,"Automotriz, Automotriz > Frenos","AUDI A4, BALATA, BREMBO"
19771,P06075N,"BALATA BMW BREMBO",1508,1714,"Automotriz, Automotriz > Frenos","BALATA .BMW, BREMBO"
19773,P06021,"BALATA BMW 53OI BREMBO",1101,1251,"Automotriz, Automotriz > Frenos","BALATA, BMW, BREMBO"
19775,P06064N,"BALATA BMW I8 BREMBO",1132,1286,"Automotriz, Automotriz > Frenos","BMW I8, BREMBO, X3, X4"
19777,P06058N,"BALATA BMW X5 BREMBO",2254,2562,"Automotriz, Automotriz > Frenos","BALATA, BMW X5, BREMBO"
19779,P10010N,"BALATA BUICK GMC BREMBO",1297,1474,"Automotriz, Automotriz > Frenos","BALATA BUICK, BREMBO, ENVOY, RAINER, SATURN, TRAILBLAZER, TRAVERSE"
19781,P10049N,"BALATA BUICK GMC ACADIA BREMBO",1450,1648,"Automotriz, Automotriz > Frenos","BALATA BUICK, BREMBO, ENCLAVE, SATURN, TRAILBLAZER, TRAVERSE"
19783,P59080N,"BALATA BUICK CRUZE TRAX BREMBO",898,1021,"Automotriz, Automotriz > Frenos","BALATA BUICK, BREMBO, CRUZE, ENCORE, SONIC, TRAX"
19784,09.7485.80,"BALATA BUICK SKYLARK CAVALIER PONTIAC BREMBO",810,920,"Automotriz, Automotriz > Frenos","BALATA, BREMBO, BUICK, CAVALIER, OLDSMOBILE, SKYLARK"
19787,P09014N,"BALATA CADILLAC CAMARO BREMBO",810,921,"Automotriz, Automotriz > Frenos","BALATA, BREMBO, CADILLAC, CAMARO, CTS, SRX"
19788,P10058N,"BALATA CADILLAC ESCALADE SUBURBAN YUKON BREMBO",1197,1360,"Automotriz, Automotriz > Frenos","BALATA CADILLAC, BREMBO, ESCALADE, SIERRA, TAHOE, YUKON"
19790,P59038N,"BALATA ASTRA ZAFIRA BREMBO",1352,1537,"Automotriz, Automotriz > Frenos","ASTRA, BALATA, BREMBO, CHEVROLET, ZAFIRA"
19792,09.3090.20,"BALATA BEAT SPARK BREMBO",537,610,"Automotriz, Automotriz > Frenos","BALATA, BEAT, BREMBO, SPARK, SPARK CLASSIC"
19793,P10054N,"BALATA BEAT SPARK BREMBO",812,923,"Automotriz, Automotriz > Frenos","BALATA, BEAT, BREMBO, SPARK, SPARK CLASSIC"
19795,P10004N,"BALATA CAPTIVA EQUINOX TERRAIN VUE BREMBO",1042,1184,"Automotriz, Automotriz > Frenos","BALATA, BREMBO, CAPTIVA, EQUINOX, VUE"
19797,P09012N,"BALATA CHEVROLET CAVALIER BREMBO",1071,1217,"Automotriz, Automotriz > Frenos","BALATA, BREMBO, CAVALIER, CHEVROLET"
19799,14.4978.10,"BALATA CHEVY MONZA BREMBO",891,1012,"Automotriz, Automotriz > Frenos","BALATA CHEVY, BREMBO, MONZA"
19878,7242-D350EG,"BALATA DISCO DELANTERA VW POINTER 4 CIL. 1.8 LT 98-08",149,185,"Automotriz, Automotriz > Frenos","BALATA, DELANTERA, DISCO, NIKKO, POINTER"
